TransactionTime;Amount;Description;TransactionId
2024-09-05 07:53:23;1122.09;Bakery;TXN000001
2024-04-16 19:27:32;2456.22;Electricity Bill;TXN000002
2024-10-13 00:24:33;1033.82;Bakery;TXN000003
2024-12-12 11:42:58;5457.67;Hardware Store;TXN000004
2024-06-12 20:35:47;327.48;ATM Withdrawal;TXN000005
2024-03-25 21:51:13;2334.05;Garden Centre;TXN000006
2024-01-11 07:19:59;5616.28;Fast Food;TXN000007
2024-09-09 09:21:43;7015.54;School Fees;TXN000008
2024-03-26 14:39:19;4497.15;Pharmacy;TXN000009
2024-11-10 08:26:19;8693.44;Butcher;TXN000010
2024-11-08 22:46:47;1604.84;School Fees;TXN000011
2024-05-12 03:21:52;2785.66;Restaurant;TXN000012
2024-10-23 12:16:51;3372.24;ATM Withdrawal;TXN000013
2024-05-27 13:10:44;976.10;Bank Charges;TXN000014
2024-05-13 13:53:58;6040.62;Supermarket;TXN000015
2024-01-17 20:59:14;7299.29;Bookstore;TXN000016
2024-02-18 11:27:50;9730.45;Medical Aid;TXN000017
2024-01-31 14:28:15;5524.33;Department Store;TXN000018
2024-09-01 03:20:51;6188.39;Bank Charges;TXN000019
2024-05-20 10:40:57;5777.17;Fast Food;TXN000020
2024-01-28 00:18:03;467.74;Petrol Station;TXN000021
2024-10-27 05:31:09;2900.70;ATM Withdrawal;TXN000022
2024-11-28 04:08:20;2335.35;Salary Deposit;TXN000023
2024-05-27 15:01:59;2786.68;Gym Membership;TXN000024
2024-11-19 22:28:21;3654.31;Rent Payment;TXN000025
2024-05-17 23:21:46;2102.77;Pharmacy;TXN000026
2024-09-29 13:26:21;9366.24;Gym Membership;TXN000027
2024-01-28 17:31:10;6094.61;Water Bill;TXN000028
2024-07-26 10:32:40;7293.25;Water Bill;TXN000029
2024-06-28 12:34:38;3800.38;Gym Membership;TXN000030
2024-09-24 06:08:03;5573.37;Streaming Service;TXN000031
2024-05-05 22:32:02;8429.25;Butcher;TXN000032
2024-01-22 17:22:46;2297.96;Online Purchase;TXN000033
2024-11-08 15:34:14;3161.06;Pharmacy;TXN000034
2024-01-26 16:55:21;2117.51;Hardware Store;TXN000035
2024-12-06 08:20:17;7181.25;Restaurant;TXN000036
2024-09-11 13:07:52;4996.82;Gym Membership;TXN000037
2024-06-27 04:48:33;1437.14;Electricity Bill;TXN000038
2024-04-05 18:44:05;7451.69;Bookstore;TXN000039
2024-04-12 00:55:45;7471.92;School Fees;TXN000040
2024-12-14 16:18:56;5838.91;Rent Payment;TXN000041
2024-03-26 04:13:03;9972.29;Electricity Bill;TXN000042
2024-07-16 21:07:45;4939.73;Butcher;TXN000043
2024-01-19 07:09:23;8611.56;Electricity Bill;TXN000044
2024-08-31 16:13:15;1608.06;Streaming Service;TXN000045
2024-06-12 22:48:57;5967.53;Medical Aid;TXN000046
15/07/2024 09:30:00;5962.33;Internet Bill;TXN000047
2024-07-24 11:42:11;2521.38;Bookstore;TXN000048
2024-11-30 07:02:53;9423.94;Streaming Service;TXN000049
2024-10-06 21:36:51;1154.26;Bookstore;TXN000050
2024-10-18 14:41:18;2675.32;Gym Membership;TXN000051
2024-05-12 02:39:54;1124.29;School Fees;TXN000052
2024-03-02 10:08:13;4542.25;Bakery;TXN000053
2024-12-06 03:32:27;7198.89;Coffee Shop;TXN000054
2024-10-22 22:00:08;1794.55;Salary Deposit;TXN000055
2024-12-04 01:49:16;6256.12;Department Store;TXN000056
2024-09-05 03:26:27;5081.04;Restaurant;TXN000057
2024-02-29 08:33:54;3745.03;Water Bill;TXN000058
2024-07-28 11:22:36;9534.51;Coffee Shop;TXN000059
2024-12-22 16:58:47;15.71;Insurance Premium;TXN000060
2024-07-08 18:08:07;204.55;Rent Payment;TXN000061
2024-12-07 06:16:53;9852.38;Supermarket;TXN000062
2024-04-29 10:14:21;2401.89;Petrol Station;TXN000063
2024-12-06 23:38:33;5677.33;ATM Withdrawal;TXN000064
2024-02-03 06:20:52;7321.02;Department Store;TXN000065
2024-01-27 21:06:26;9779.09;Bookstore;TXN000066
2024-10-24 10:05:39;1266.22;Streaming Service;TXN000067
2024-07-03 13:57:10;9468.07;Water Bill;TXN000068
2024-04-12 22:30:24;5280.93;Garden Centre;TXN000069
2024-06-13 07:55:53;9643.02;Bookstore;TXN000070
2024-10-20 07:34:54;7301.28;Restaurant;TXN000071
2024-10-03 21:09:57;3123.73;Streaming Service;TXN000072
2024-09-09 09:18:09;3740.10;Coffee Shop;TXN000073
2024-06-24 08:09:21;1218.71;Petrol Station;TXN000074
2024-01-25 20:45:52;3387.14;Hardware Store;TXN000075
2024-08-03 02:55:22;2308.62;Petrol Station;TXN000076
2024-01-03 19:01:24;719.15;Gym Membership;TXN000077
2024-01-23 20:44:35;2296.90;Online Purchase;TXN000078
2024-11-29 20:22:57;3310.65;Coffee Shop;TXN000079
2024-04-02 10:21:50;2791.71;Cell Phone Contract;TXN000080
2024-03-24 04:49:54;5396.41;Bakery;TXN000081
2024-12-29 07:37:28;8824.12;Hardware Store;TXN000082
2024-07-02 13:36:47;2437.30;Cell Phone Contract;TXN000083
2024-11-09 14:25:03;4076.12;Salary Deposit;TXN000084
2024-02-07 15:27:38;6592.58;Rent Payment;TXN000085
2024-06-13 12:02:20;4116.50;Bank Charges;TXN000086
2024-10-10 03:28:46;551.12;Gym Membership;TXN000087
2024-09-07 22:49:54;993.10;Medical Aid;TXN000088
2024-10-09 19:26:33;3399.29;Bank Charges;TXN000089
2024-02-12 10:27:40;2493.83;Restaurant;TXN000090
2024-07-27 06:32:43;4491.20;School Fees;TXN000091
2024-03-12 06:13:56;2792.39;Petrol Station;TXN000092
2024-12-05 14:47:59;9232.50;Internet Bill;TXN000093
2024-11-09 19:18:47;8614.02;Bookstore;TXN000094
2024-02-08 00:34:31;515.33;Bookstore;TXN000095
2024-11-20 16:20:30;157.42;ATM Withdrawal;TXN000096
2024-12-25 18:21:57;7537.37;Petrol Station;TXN000097
2024-03-05 14:07:54;4069.67;Cell Phone Contract;TXN000098
2024-03-24 00:16:09;8646.99;Online Purchase;TXN000099
2024-03-04 22:31:45;3795.56;Medical Aid;TXN000100
2024-04-12 23:52:17;9264.99;Supermarket;TXN000101
2024-06-25 16:59:07;2859.35;Fast Food;TXN000102
2024-10-10 16:48:10;9953.28;Bookstore;TXN000103
2024-09-14 01:05:15;7186.18;Electricity Bill;TXN000104
2024-03-14 17:58:35;2973.81;Online Purchase;TXN000105
2024-08-12 22:21:05;7359.28;Online Purchase;TXN000106
2024-10-17 11:38:15;3142.60;Online Purchase;TXN000107
2024-08-14 20:55:47;4772.64;Bank Charges;TXN000108
2024-07-25 06:27:15;1582.60;Coffee Shop;TXN000109
2024-02-01 02:41:34;8514.06;ATM Withdrawal;TXN000110
2024-08-19 02:07:45;688.86;Bank Charges;TXN000111
2024-04-01 08:15:33;4043.31;Hardware Store;TXN000112
2024-04-05 14:53:36;5792.82;Online Purchase;TXN000113
2024-08-28 13:03:14;828.93;Streaming Service;TXN000114
2024-08-14 16:13:12;5656.05;Insurance Premium;TXN000115
2024-12-29 00:05:37;2614.79;Streaming Service;TXN000116
2024-10-05 03:23:29;3148.38;Pharmacy;TXN000117
2024-06-02 16:59:29;1317.34;Gym Membership;TXN000118
2024-04-26 12:10:31;4577.22;Butcher;TXN000119
2024-12-29 09:40:32;734.63;Internet Bill;TXN000120
2024-08-29 05:37:25;9983.56;Salary Deposit;TXN000121
2024-01-29 10:50:21;5380.43;Coffee Shop;TXN000122
2024-04-12 23:50:49;450;Rent Payment;TXN000123
2024-12-08 02:14:57;697.16;Petrol Station;TXN000124
2024-05-23 12:14:31;2856.74;Internet Bill;TXN000125
2024-11-19 19:03:58;5436.20;Clothing Store;TXN000126
2024-08-25 13:14:59;9837.71;Supermarket;TXN000127
2024-09-10 23:30:03;5293.59;Streaming Service;TXN000128
2024-11-13 07:57:45;5549.92;Streaming Service;TXN000129
2024-02-10 05:29:46;9388.97;Electricity Bill;TXN000130
2024-04-12 17:00:03;1163.02;Salary Deposit;TXN000131
2024-10-15 07:49:30;5536.15;Pharmacy;TXN000132
2024-04-19 10:09:31;6051.65;Fast Food;TXN000133
2024-05-13 03:52:33;2043.73;Gym Membership;TXN000134
2024-11-27 05:43:25;2646.94;Cell Phone Contract;TXN000135
2024-04-07 12:37:10;9053.41;Bank Charges;TXN000136
2024-01-20 17:28:48;931.97;School Fees;TXN000137
2024-11-18 02:05:04;2773.76;Grocery Store;TXN000138
2024-05-09 12:58:20;7712.71;Gym Membership;TXN000139
2024-04-11 17:36:00;1624.04;Internet Bill;TXN000140
2024-08-02 06:02:03;7058.91;Bookstore;TXN000141
2024-01-04 18:07:41;1127.51;Fast Food;TXN000142
2024-12-17 01:13:29;1498.90;Online Purchase;TXN000143
2024-11-20 02:59:21;3698.10;Bookstore;TXN000144
2024-02-27 12:20:02;4303.14;Online Purchase;TXN000145
2024-04-29 17:10:33;3652.50;Supermarket;TXN000146
2024-11-30 06:19:46;408.51;Rent Payment;TXN000147
2024-03-22 14:03:18;6823.16;Streaming Service;TXN000148
2024-02-09 22:06:21;3542.90;Bookstore;TXN000149
2024-12-09 08:43:57;8747.51;Garden Centre;TXN000150
2024-10-18 01:38:15;1553.83;Petrol Station;TXN000151
2024-12-01 18:42:33;1633.23;Supermarket;TXN000152
2024-11-10 20:56:24;1778.58;School Fees;TXN000153
2024-01-10 15:01:32;1801.63;Insurance Premium;TXN000154
2024-10-30 20:22:14;9307.92;Supermarket;TXN000155
2024-09-17 03:59:13;8641.14;Supermarket;TXN000156
2024-04-06 09:05:10;2675.12;Supermarket;TXN000157
2024-09-29 08:23:11;1089.77;Bank Charges;TXN000158
2024-01-16 00:56:22;8586.49;Petrol Station;TXN000159
2024-03-18 12:09:12;8166.88;Internet Bill;TXN000160
2024-05-15 19:03:09;3058.55;Supermarket;TXN000161
2024-12-04 09:19:09;2283.45;Grocery Store;TXN000162
2024-09-13 07:57:18;1939.17;Insurance Premium;TXN000163
2024-04-18 04:46:07;8644.02;Butcher;TXN000164
2024-04-18 09:38:00;3517.60;Coffee Shop;TXN000165
2024-06-04 05:16:21;6797.71;Department Store;TXN000166
2024-07-27 05:53:34;3317.86;Grocery Store;TXN000167
2024-02-14 19:03:46;8770.74;Pharmacy;TXN000168
2024-03-10 08:22:21;5809.51;Pharmacy;TXN000169
2024-01-15 20:34:58;1092.83;School Fees;TXN000170
2024-05-14 06:02:14;7287.44;Insurance Premium;TXN000171
2024-06-18 11:29:08;6065.42;Coffee Shop;TXN000172
2024-02-14 21:53:48;3857.72;Hardware Store;TXN000173
2024-03-14 19:39:45;2554.42;Fast Food;TXN000174
2024-06-18 08:21:02;26.89;Supermarket;TXN000175
2024-07-28 02:44:10;6871.02;Bakery;TXN000176
2024-10-13 05:41:21;6708.91;Rent Payment;TXN000177
2024-06-16 11:58:59;708.97;Streaming Service;TXN000178
2024-12-23 14:12:23;3308.37;Insurance Premium;TXN000179
2024-09-14 15:13:09;8480.82;Bakery;TXN000180
2024-12-15 13:02:40;3009.92;Clothing Store;TXN000181
2024-09-15 23:53:32;4089.44;Medical Aid;TXN000182
2024-09-27 18:27:12;2963.30;Electricity Bill;TXN000183
2024-03-15 12:04:45;4209.84;Medical Aid;TXN000184
2024-09-20 01:03:38;7483.12;Water Bill;TXN000185
2024-08-27 01:00:53;5694.79;Medical Aid;TXN000186
2024-07-31 19:08:41;8338.08;Clothing Store;TXN000187
2024-04-21 10:13:46;2109.51;Supermarket;TXN000188
2024-08-13 05:50:59;6069.94;Insurance Premium;TXN000189
2024-06-29 14:00:14;4423.00;Streaming Service;TXN000190
2024-03-23 23:50:29;5116.12;Supermarket;TXN000191
2024-12-15 23:36:50;9597.76;Bakery;TXN000192
2024-03-06 21:38:18;6591.26;Clothing Store;TXN000193
2024-07-19 04:21:39;6641.24;Garden Centre;TXN000194
2024-05-10 04:10:51;942.84;Butcher;TXN000195
2024-04-01 05:08:02;6730.56;Petrol Station;TXN000196
2024-11-09 05:42:39;1999.11;Grocery Store;TXN000197
2024-01-18 22:44:35;2455.73;Cell Phone Contract;TXN000198
2024-08-25 09:29:10;8498.03;ATM Withdrawal;TXN000199
2024-06-25 20:47:10;4149.85;;TXN000200
2024-08-11 13:38:30;1952.21;Fast Food;TXN000201
2024-05-29 02:56:19;4948.33;Petrol Station;TXN000202
2024-02-27 07:27:52;6563.36;Grocery Store;TXN000203
2024-12-12 16:11:33;7511.38;Butcher;TXN000204
2024-12-09 21:08:02;1074.70;School Fees;TXN000205
2024-03-25 23:44:50;1766.93;Fast Food;TXN000206
2024-07-20 03:42:58;4650.39;Bookstore;TXN000207
2024-04-06 18:41:46;9174.61;Salary Deposit;TXN000208
2024-06-26 06:31:57;1341.92;Internet Bill;TXN000209
2024-09-16 06:16:31;5315.48;Bookstore;TXN000210
2024-08-19 06:01:04;3179.49;Butcher;TXN000211
2024-12-12 04:41:30;4430.87;Department Store;TXN000212
2024-10-06 08:07:09;8920.39;School Fees;TXN000213
2024-11-18 13:27:56;9068.57;Internet Bill;TXN000214
2024-12-14 10:35:08;1599.83;Bank Charges;TXN000215
2024-07-03 08:17:11;4505.75;Butcher;TXN000216
2024-04-06 00:26:28;8399.39;Pharmacy;TXN000217
2024-10-24 09:54:03;7778.19;Cell Phone Contract;TXN000218
2024-08-31 09:43:07;2399.83;Internet Bill;TXN000219
2024-01-31 02:11:49;7137.60;Petrol Station;TXN000220
2024-04-15 12:34:06;3364.78;Bookstore;TXN000221
2024-02-01 07:02:17;1392.22;Petrol Station;TXN000222
2024-05-28 18:08:51;6941.86;Fast Food;TXN000223
2024-03-24 02:11:07;651.58;School Fees;TXN000224
2024-05-08 12:02:17;5430.14;School Fees;TXN000225
2024-01-25 04:21:30;2076.07;School Fees;TXN000226
2024-05-31 06:11:13;9048.43;Hardware Store;TXN000227
2024-09-27 02:44:38;205.10;Butcher;TXN000228
2024-08-11 13:49:22;3809.63;Grocery Store;TXN000229
2024-05-16 14:37:46;2992.84;Medical Aid;TXN000230
2024-11-27 10:42:41;8916.61;Department Store;TXN000231
2024-06-11 17:33:41;5386.29;Bakery;TXN000232
2024-07-31 02:19:19;7999.88;Petrol Station;TXN000233
2024-07-08 14:37:42;2201.80;School Fees;TXN000234
2024-07-07 14:30:41;299.93;Insurance Premium;TXN000235
2024-09-16 18:21:14;6793.95;Medical Aid;TXN000236
2024-10-08 05:51:34;1658.63;Internet Bill;TXN000237
2024-12-23 02:44:56;1284.87;Garden Centre;TXN000238
2024-07-26 10:23:35;279.37;Medical Aid;TXN000239
2024-08-17 20:50:25;5647.71;Grocery Store;TXN000240
2024-02-02 14:26:49;6430.43;Electricity Bill;TXN000241
2024-12-02 15:38:24;4621.91;Online Purchase;TXN000242
2024-04-11 00:49:57;3796.87;Restaurant;TXN000243
2024-06-25 14:06:17;3274.86;Butcher;TXN000244
2024-12-07 14:50:20;3797.09;Butcher;TXN000245
2024-11-19 02:05:46;4221.01;Department Store;TXN000246
2024-02-01 19:25:17;4707.89;Bakery;TXN000247
2024-07-28 11:44:59;530.28;Rent Payment;TXN000248
2024-03-28 01:54:07;6504.29;Butcher;TXN000249
2024-09-10 02:47:37;412.14;Grocery Store;TXN000250
2024-04-06 00:50:50;2001.41;Grocery Store;TXN000251
2024-08-29 07:16:05;1532.15;Electricity Bill;TXN000252
2024-07-02 21:54:32;6697.22;Hardware Store;TXN000253
2024-03-25 15:34:36;4655.22;Pharmacy;TXN000254
2024-10-24 20:00:30;3694.89;Garden Centre;TXN000255
2024-08-23 19:57:24;9636.75;Fast Food;TXN000256
2024-02-14 11:31:25;7779.36;Water Bill;TXN000257
2024-04-30 19:05:34;1089.80;Grocery Store;TXN000258
2024-12-26 17:51:21;3126.14;Streaming Service;TXN000259
2024-12-18 15:25:01;9581.19;Medical Aid;TXN000260
2024-10-04 16:25:12;1991.12;Hardware Store;TXN000261
2024-09-25 04:59:34;8306.58;Petrol Station;TXN000262
2024-02-09 13:47:20;6974.26;Clothing Store;TXN000263
2024-11-26 05:18:26;6845.06;Supermarket;TXN000264
2024-02-17 00:18:53;7963.51;Hardware Store;TXN000265
2024-10-30 22:41:24;420.24;Bookstore;TXN000266
2024-06-15 08:46:20;6617.94;ATM Withdrawal;TXN000267
2024-07-15 11:53:46;6478.31;Grocery Store;TXN000268
2024-11-25 22:37:07;4205.97;Cell Phone Contract;TXN000269
2024-02-10 23:41:36;4340.47;Rent Payment;TXN000270
2024-09-03 20:04:57;8915.94;Internet Bill;TXN000271
2024-10-01 16:35:39;1538.23;Water Bill;TXN000272
2024-10-11 23:28:04;5221.73;Gym Membership;TXN000273
2024-04-14 21:21:01;6162.35;Bookstore;TXN000274
2024-10-27 20:10:53;4839.66;School Fees;TXN000275
2024-11-16 16:24:15;7312.22;Pharmacy;TXN000276
2024-05-05 04:05:47;8517.76;Department Store;TXN000277
2024-12-28 23:18:26;875.68;Internet Bill;TXN000278
2024-04-04 16:58:19;7506.51;Hardware Store;TXN000279
2024-08-25 00:42:13;6684.53;Insurance Premium;TXN000280
2024-01-12 03:30:12;4947.63;Insurance Premium;TXN000281
2024-03-11 14:52:13;4880.14;Rent Payment;TXN000282
2024-11-05 20:20:11;2590.68;Pharmacy;TXN000283
2024-12-07 21:10:36;5964.99;Pharmacy;TXN000284
2024-08-03 20:20:52;111.40;Restaurant;TXN000285
2024-02-03 05:58:14;2420.91;School Fees;TXN000286
2024-07-08 17:52:32;5555.66;Petrol Station;TXN000287
2024-09-25 04:56:44;4765.69;Fast Food;TXN000288
2024-07-09 14:47:11;4486.82;Grocery Store;TXN000289
2024-02-06 03:19:12;2949.12;Medical Aid;TXN000290
2024-09-25 15:55:25;2440.38;Streaming Service;TXN000291
2024-08-13 20:29:27;3696.15;Bookstore;TXN000292
2024-07-25 04:33:03;3443.79;Bakery;TXN000293
2024-08-01 17:59:32;3314.27;Fast Food;TXN000294
2024-06-25 05:12:44;2716.18;Pharmacy;TXN000295
2024-03-30 12:46:13;1215.23;Restaurant;TXN000296
2024-05-02 13:07:12;1204.23;Bookstore;TXN000297
2024-10-23 00:07:19;6904.04;Restaurant;TXN000298
2024-03-25 00:51:03;7387.92;Pharmacy;TXN000299
2024-10-08 09:37:18;5899.38;Butcher;TXN000300
2024-07-22 17:58:12;not-a-number;Salary Deposit;TXN000301
2024-11-19 08:39:31;1949.04;Petrol Station;TXN000302
2024-05-20 03:39:19;1802.44;Grocery Store;TXN000303
2024-10-01 23:12:38;5345.48;Pharmacy;TXN000304
2024-01-18 16:14:13;9742.23;Bookstore;TXN000305
2024-04-23 10:54:39;6976.50;Electricity Bill;TXN000306
2024-09-04 17:22:33;8685.06;Cell Phone Contract;TXN000307
2024-02-09 20:11:10;8727.60;Hardware Store;TXN000308
2024-04-20 10:14:04;4698.81;Internet Bill;TXN000309
2024-05-12 07:36:34;1851.61;Online Purchase;TXN000310
2024-04-08 01:16:08;9410.28;Cell Phone Contract;TXN000311
2024-02-14 07:22:09;8222.11;Medical Aid;TXN000312
2024-07-09 23:24:36;750.01;Gym Membership;TXN000313
2024-09-23 14:11:14;545.50;Electricity Bill;TXN000314
2024-11-11 00:23:31;5632.20;Clothing Store;TXN000315
2024-02-03 01:56:36;9938.25;Salary Deposit;TXN000316
2024-08-04 17:37:03;7646.03;Garden Centre;TXN000317
2024-08-19 12:18:17;7908.71;Petrol Station;TXN000318
2024-10-28 05:59:16;5229.98;Internet Bill;TXN000319
2024-12-18 19:52:28;4432.34;Bank Charges;TXN000320
2024-08-16 13:27:06;9899.42;Clothing Store;TXN000321
2024-08-08 20:00:38;6213.44;Garden Centre;TXN000322
2024-10-14 10:07:56;1001.24;Butcher;TXN000323
2024-03-21 16:43:25;6258.27;Pharmacy;TXN000324
2024-09-13 11:38:11;820.98;Petrol Station;TXN000325
2024-03-08 12:03:34;5523.85;Water Bill;TXN000326
2024-01-02 00:56:22;4090.68;Fast Food;TXN000327
2024-08-18 14:43:17;4703.96;Online Purchase;TXN000328
2024-03-30 21:30:53;2887.88;Clothing Store;TXN000329
2024-09-30 00:19:08;8596.61;ATM Withdrawal;TXN000330
2024-09-23 22:53:30;2341.67;Pharmacy;TXN000331
2024-11-01 23:05:21;7913.77;Hardware Store;TXN000332
2024-09-13 18:40:21;8040.21;Restaurant;TXN000333
2024-06-14 02:34:56;1156.50;Petrol Station;TXN000334
2024-09-08 12:23:35;1498.26;Pharmacy;TXN000335
2024-11-17 00:45:39;1430.80;Online Purchase;TXN000336
2024-03-05 10:30:44;7927.57;Garden Centre;TXN000337
2024-10-17 20:47:30;8243.34;Clothing Store;TXN000338
2024-06-19 13:12:24;1252.17;Fast Food;TXN000339
2024-04-28 02:20:07;6999.64;Pharmacy;TXN000340
2024-07-13 08:44:19;5403.88;Internet Bill;TXN000341
2024-02-01 05:46:20;5983.79;School Fees;TXN000342
2024-10-12 06:21:08;3229.67;Pharmacy;TXN000343
2024-01-11 01:04:41;922.26;Streaming Service;TXN000344
2024-11-20 15:41:56;8605.70;Hardware Store;TXN000345
2024-01-09 01:21:41;9994.73;Streaming Service;TXN000346
2024-11-15 00:12:03;2702.15;Online Purchase;TXN000347
2024-10-23 08:41:29;7564.37;Cell Phone Contract;TXN000348
2024-07-20 13:05:36;6517.93;Pharmacy;TXN000349
2024-03-11 11:36:05;9968.49;School Fees;TXN000350
2024-09-03 12:37:20;8143.49;ATM Withdrawal;TXN000351
2024-07-01 12:48:51;3485.78;Insurance Premium;TXN000352
2024-05-04 16:28:47;6703.96;Bank Charges;TXN000353
2024-03-03 10:59:46;3304.41;Fast Food;TXN000354
2024-07-11 10:06:21;2889.01;Medical Aid;TXN000355
2024-11-11 22:59:06;7606.63;Online Purchase;TXN000356
2024-06-25 15:17:05;889.63;Pharmacy;TXN000357
2024-05-05 13:07:48;1167.94;Butcher;TXN000358
2024-06-05 23:11:04;8649.59;Department Store;TXN000359
2024-01-01 10:43:43;6579.37;Bookstore;TXN000360
2024-06-28 09:55:53;4137.93;Restaurant;TXN000361
2024-07-20 08:12:19;3623.81;Butcher;TXN000362
2024-07-12 14:17:32;6257.21;Butcher;TXN000363
2024-01-21 01:03:23;2043.34;Bookstore;TXN000364
2024-02-20 21:07:54;9276.52;Internet Bill;TXN000365
2024-12-08 02:05:07;6984.82;Salary Deposit;TXN000366
2024-01-12 05:04:57;9730.76;Garden Centre;TXN000367
2024-11-06 10:08:38;2400.34;Water Bill;TXN000368
2024-04-30 16:24:04;5512.33;Bookstore;TXN000369
2024-06-07 10:44:55;941.07;Department Store;TXN000370
2024-12-20 13:07:23;1143.36;Salary Deposit;TXN000371
2024-09-08 13:05:30;8322.28;Cell Phone Contract;TXN000372
2024-12-28 04:57:23;7168.15;Coffee Shop;TXN000373
2024-09-30 22:54:46;2741.24;Department Store;TXN000374
2024-07-06 09:13:19;9801.66;Petrol Station;TXN000375
2024-06-26 09:33:30;5516.59;Medical Aid;TXN000376
2024-03-15 00:37:02;9218.54;Coffee Shop;TXN000377
2024-10-16 19:57:02;8793.59;Bank Charges;TXN000378
2024-01-28 02:40:37;2769.44;Supermarket;TXN000379
2024-11-27 19:42:02;4154.86;Supermarket;TXN000380
2024-07-16 04:27:29;2678.79;Grocery Store;TXN000381
2024-04-19 20:15:01;7262.52;Department Store;TXN000382
2024-08-15 22:39:21;5802.85;Streaming Service;TXN000383
2024-07-09 03:46:43;8653.09;Internet Bill;TXN000384
2024-07-28 03:56:05;4848.09;Insurance Premium;TXN000385
2024-08-02 08:14:35;7630.34;Medical Aid;TXN000386
2024-06-25 20:07:09;9328.26;Bank Charges;TXN000387
2024-03-14 06:22:03;9806.96;Petrol Station;TXN000388
2024-08-10 01:32:25;3835.50;Bank Charges;TXN000389
2024-10-28 04:35:54;4113.23;Insurance Premium;TXN000390
2024-10-16 05:09:18;4734.56;Supermarket;TXN000391
2024-05-28 01:19:54;3866.54;Streaming Service;TXN000392
2024-11-03 17:38:39;8208.45;Electricity Bill;TXN000393
2024-07-11 08:47:51;9647.63;Electricity Bill;TXN000394
2024-07-14 01:41:34;9652.92;Insurance Premium;TXN000395
2024-12-03 18:11:40;1012.54;Bank Charges;TXN000396
2024-06-19 23:57:04;1006.02;Internet Bill;TXN000397
2024-01-06 23:02:59;7226.49;School Fees;TXN000398
2024-12-04 05:41:01;6550.61;Electricity Bill;
2024-01-30 01:26:59;4699.74;Pharmacy;TXN000400
2024-05-11 11:37:09;6235.74;Medical Aid;TXN000401
2024-09-09 08:54:59;812.27;Insurance Premium;TXN000402
2024-11-27 00:23:49;6746.16;Bookstore;TXN000403
2024-05-27 13:56:39;9540.90;Gym Membership;TXN000404
2024-10-06 02:55:54;8874.63;Cell Phone Contract;TXN000405
2024-12-04 19:11:56;5414.21;Garden Centre;TXN000406
2024-01-27 13:43:39;2355.12;Streaming Service;TXN000407
2024-12-23 15:40:52;2880.63;Petrol Station;TXN000408
2024-10-17 00:22:01;912.80;Salary Deposit;TXN000409
2024-10-22 07:09:33;6340.51;Bank Charges;TXN000410
2024-02-09 00:47:43;4441.91;Fast Food;TXN000411
2024-04-26 07:13:34;9034.30;Online Purchase;TXN000412
2024-05-05 23:23:27;7962.68;Clothing Store;TXN000413
2024-05-19 05:07:13;3754.29;Electricity Bill;TXN000414
2024-04-04 20:05:06;5315.82;Hardware Store;TXN000415
2024-09-21 18:50:24;7926.48;Water Bill;TXN000416
2024-03-08 23:45:52;798.81;Bank Charges;TXN000417
2024-05-28 13:34:16;6200.29;Petrol Station;TXN000418
2024-07-12 06:35:41;9128.25;Electricity Bill;TXN000419
2024-03-31 04:09:11;4616.43;Pharmacy;TXN000420
2024-06-27 11:30:27;2560.46;Grocery Store;TXN000421
2024-12-15 02:26:05;8047.48;Clothing Store;TXN000422
2024-09-20 03:47:28;5469.97;ATM Withdrawal;TXN000423
2024-06-20 13:13:11;9451.96;Hardware Store;TXN000424
2024-04-26 04:19:10;6392.36;School Fees;TXN000425
2024-09-25 02:11:17;2508.23;Bank Charges;TXN000426
2024-04-27 07:58:41;1999.98;Medical Aid;TXN000427
2024-11-27 09:39:46;4836.77;Petrol Station;TXN000428
2024-05-28 02:34:22;5722.94;Hardware Store;TXN000429
2024-04-24 21:43:49;9926.00;Clothing Store;TXN000430
2024-01-09 12:29:30;9778.69;Streaming Service;TXN000431
2024-06-02 17:10:36;2751.78;Hardware Store;TXN000432
2024-12-01 23:00:45;6860.45;Bakery;TXN000433
2024-01-20 01:07:31;9106.15;Bakery;TXN000434
2024-07-11 21:50:01;8329.23;Clothing Store;TXN000435
2024-10-28 06:25:47;7989.81;Garden Centre;TXN000436
2024-11-07 10:32:51;3529.33;Gym Membership;TXN000437
2024-03-14 20:09:30;6212.08;Streaming Service;TXN000438
2024-10-20 10:29:27;7211.35;Streaming Service;TXN000439
2024-09-21 10:01:45;8384.15;Gym Membership;TXN000440
2024-02-07 17:38:00;9034.10;Gym Membership;TXN000441
2024-01-16 07:26:42;3095.93;Internet Bill;TXN000442
2024-01-13 22:58:47;5799.36;Bakery;TXN000443
2024-02-21 00:50:48;910.34;Clothing Store;TXN000444
2024-05-06 21:14:34;7476.59;Water Bill;TXN000445
2024-03-18 23:32:35;1330.14;Bookstore;TXN000446
2024-12-06 09:12:17;9714.21;Coffee Shop;TXN000447
2024-07-13 21:03:58;9134.82;Department Store;TXN000448
2024-03-04 21:39:54;2576.87;Department Store;TXN000449
2024-07-06 03:08:50;123.456;Clothing Store;TXN000450
2024-10-16 22:26:14;8704.40;Supermarket;TXN000451
2024-02-14 17:27:34;4688.16;ATM Withdrawal;TXN000452
2024-02-24 15:57:01;7543.22;Petrol Station;TXN000453
2024-11-30 01:05:29;6765.80;Streaming Service;TXN000454
2024-06-03 08:08:36;9672.06;Supermarket;TXN000455
2024-08-04 10:31:48;3663.73;Supermarket;TXN000456
2024-06-02 05:42:05;149.03;Bookstore;TXN000457
2024-02-17 23:55:49;4552.86;Streaming Service;TXN000458
2024-10-17 21:17:38;6726.01;Hardware Store;TXN000459
2024-05-27 23:24:54;8225.13;Rent Payment;TXN000460
2024-02-12 01:51:31;6750.94;Cell Phone Contract;TXN000461
2024-01-10 17:14:47;6198.65;Bookstore;TXN000462
2024-05-07 09:14:24;9152.49;Petrol Station;TXN000463
2024-09-08 12:33:27;641.48;Department Store;TXN000464
2024-06-29 07:17:13;9093.87;Clothing Store;TXN000465
2024-09-09 03:21:00;4088.47;Electricity Bill;TXN000466
2024-01-18 14:39:46;9462.21;Clothing Store;TXN000467
2024-07-10 07:35:39;1169.93;Petrol Station;TXN000468
2024-12-10 13:51:22;5379.55;Medical Aid;TXN000469
2024-06-25 04:15:58;3716.03;Bakery;TXN000470
2024-09-27 11:42:04;9459.34;School Fees;TXN000471
2024-08-16 02:24:31;7424.53;Electricity Bill;TXN000472
2024-12-09 20:39:16;4154.28;Salary Deposit;TXN000473
2024-11-19 18:34:57;4898.09;School Fees;TXN000474
2024-12-30 16:36:32;9514.75;Online Purchase;TXN000475
2024-09-25 01:52:55;3711.22;Internet Bill;TXN000476
2024-06-21 16:51:56;9505.10;Bank Charges;TXN000477
2024-05-20 20:28:44;1002.45;Streaming Service;TXN000478
2024-05-22 15:48:35;5448.67;Gym Membership;TXN000479
2024-05-19 07:04:57;614.83;Pharmacy;TXN000480
2024-03-14 17:08:38;9681.42;Bank Charges;TXN000481
2024-11-16 02:01:03;4552.17;Streaming Service;TXN000482
2024-03-23 08:58:10;6419.99;Garden Centre;TXN000483
2024-01-09 07:03:57;515.23;Insurance Premium;TXN000484
2024-04-04 14:13:35;9887.33;Supermarket;TXN000485
2024-08-07 06:14:53;2059.80;Department Store;TXN000486
2024-10-24 03:47:01;5545.98;Hardware Store;TXN000487
2024-03-24 20:48:44;8131.59;Petrol Station;TXN000488
2024-05-07 14:23:49;7745.17;Supermarket;TXN000489
2024-12-15 17:33:27;5963.26;Pharmacy;TXN000490
2024-11-29 08:55:29;9839.46;Electricity Bill;TXN000491
2024-07-28 19:10:22;2513.78;Water Bill;TXN000492
2024-02-12 16:35:16;6613.30;Grocery Store;TXN000493
2024-02-21 04:29:42;158.44;Supermarket;TXN000494
2024-11-02 04:42:52;2386.70;Insurance Premium;TXN000495
2024-01-07 03:05:25;1750.55;Online Purchase;TXN000496
2024-02-19 05:28:30;7419.02;Coffee Shop;TXN000497
2024-02-14 03:17:17;7458.45;Cell Phone Contract;TXN000498
2024-06-23 02:13:40;7781.61;Coffee Shop;TXN000499
2024-08-18 13:22:06;1099.34;Coffee Shop;TXN000500
2024-03-27 00:59:36;9453.76;Online Purchase;TXN000501
2024-10-09 10:23:45;7833.65;Bank Charges;TXN000502
2024-09-12 21:25:18;5218.78;Internet Bill;TXN000503
2024-09-06 20:22:11;9639.66;Online Purchase;TXN000504
2024-07-05 00:26:05;8473.67;School Fees;TXN000505
2024-09-23 10:53:31;1088.43;Fast Food;TXN000506
2024-12-19 07:01:34;4440.74;ATM Withdrawal;TXN000507
2024-05-05 02:17:59;6086.28;ATM Withdrawal;TXN000508
2024-02-19 00:11:27;2757.13;Gym Membership;TXN000509
2024-08-15 07:59:39;5487.53;Insurance Premium;TXN000510
2024-05-27 22:17:10;9945.34;Coffee Shop;TXN000511
2024-04-24 12:38:46;4542.16;Garden Centre;TXN000512
2024-06-16 01:44:54;1000.69;Fast Food;TXN000513
2024-02-14 10:24:59;8528.55;Gym Membership;TXN000514
2024-12-06 20:48:53;7691.17;Bakery;TXN000515
2024-12-02 02:58:23;2157.87;Internet Bill;TXN000516
2024-12-10 21:36:29;2292.42;Insurance Premium;TXN000517
2024-11-17 08:06:22;4540.00;School Fees;TXN000518
2024-10-10 08:28:53;959.81;School Fees;TXN000519
2024-05-01 08:55:50;6653.76;Rent Payment;TXN000520
2024-02-29 06:41:52;6870.66;Cell Phone Contract;TXN000521
2024-01-27 01:43:40;921.24;ATM Withdrawal;TXN000522
2024-02-06 04:58:03;4324.01;Bakery;TXN000523
2024-10-13 22:04:40;3732.37;Electricity Bill;TXN000524
2024-08-04 01:45:04;609.15;Bookstore;TXN000525
2024-08-06 03:16:06;3302.83;Salary Deposit;TXN000526
2024-06-08 13:00:50;3542.09;Streaming Service;TXN000527
2024-10-18 09:09:21;4234.72;Bakery;TXN000528
2024-01-20 23:30:43;9683.33;Garden Centre;TXN000529
2024-05-01 08:14:05;3522.59;Hardware Store;TXN000530
2024-07-16 01:25:39;2135.05;Streaming Service;TXN000531
2024-07-06 06:19:51;2249.98;Salary Deposit;TXN000532
2024-05-15 23:17:56;8454.44;Rent Payment;TXN000533
2024-02-14 14:48:31;7627.67;Hardware Store;TXN000534
2024-03-28 19:57:19;8073.33;Bank Charges;TXN000535
2024-08-05 20:34:45;9744.75;Department Store;TXN000536
2024-08-29 10:53:09;6138.98;Gym Membership;TXN000537
2024-08-04 05:11:26;272.25;Streaming Service;TXN000538
2024-11-18 03:08:05;6937.08;Grocery Store;TXN000539
2024-03-11 01:35:58;2739.70;Butcher;TXN000540
2024-04-29 23:56:45;9215.24;Rent Payment;TXN000541
2024-01-03 08:54:36;1822.06;Electricity Bill;TXN000542
2024-08-07 22:29:42;6576.22;ATM Withdrawal;TXN000543
2024-02-25 02:22:03;7411.54;Grocery Store;TXN000544
2024-02-05 15:14:36;7462.91;Restaurant;TXN000545
2024-05-26 02:23:09;4203.71;Insurance Premium;TXN000546
2024-03-02 03:09:38;3706.46;Bakery;TXN000547
2024-05-05 23:28:03;7769.81;Hardware Store;TXN000548
2024-08-19 13:12:30;858.64;Online Purchase;TXN000549
2024-03-01 10:06:35;1582.37;Garden Centre;TXN000550
2024-01-20 07:49:12;6742.27;Pharmacy;TXN000551
2024-06-21 02:06:44;6622.11;Cell Phone Contract;TXN000552
2024-08-23 18:21:30;4425.58;Pharmacy;TXN000553
2024-03-24 17:14:54;7551.13;Salary Deposit;TXN000554
2024-05-14 01:14:39;4304.41;Clothing Store;TXN000555
2024-09-20 09:26:56;6787.40;Cell Phone Contract;TXN000556
2024-07-23 15:22:54;6673.99;Online Purchase;TXN000557
2024-03-26 15:22:50;3958.29;Garden Centre;TXN000558
2024-01-22 06:36:17;86.79;Clothing Store;TXN000559
2024-03-23 00:50:36;7675.05;Butcher;TXN000560
2024-04-09 05:36:51;2901.29;Salary Deposit;TXN000561
2024-01-04 00:02:52;4978.38;School Fees;TXN000562
2024-03-09 05:35:39;1300.44;Bookstore;TXN000563
2024-09-30 06:41:29;2308.58;Bookstore;TXN000564
2024-11-19 15:25:26;6683.13;Rent Payment;TXN000565
2024-01-28 23:47:32;3976.34;Bakery;TXN000566
2024-01-17 10:17:08;4367.40;Internet Bill;TXN000567
2024-12-23 17:51:22;787.77;Insurance Premium;TXN000568
2024-08-11 14:27:51;4298.12;Medical Aid;TXN000569
2024-10-02 13:00:34;6404.38;Clothing Store;TXN000570
2024-02-14 17:29:37;4055.87;Insurance Premium;TXN000571
2024-03-07 17:58:26;8014.41;Garden Centre;TXN000572
2024-06-27 16:24:50;8321.11;Rent Payment;TXN000573
2024-02-04 05:25:48;4372.31;Salary Deposit;TXN000574
2024-04-04 11:52:26;4361.97;Medical Aid;TXN000575
2024-07-22 11:41:05;795.61;Bank Charges;TXN000576
2024-04-30 11:58:06;7459.84;Petrol Station;TXN000577
2024-05-09 08:25:28;7792.61;ATM Withdrawal;TXN000578
2024-07-17 06:02:56;6335.28;Coffee Shop;TXN000579
2024-07-17 01:05:51;1946.90;Butcher;TXN000580
2024-05-15 16:24:48;3517.14;Department Store;TXN000581
2024-09-07 15:57:52;8151.40;Petrol Station;TXN000582
2024-02-09 22:12:27;1472.83;Restaurant;TXN000583
2024-03-08 09:07:41;6027.36;Butcher;TXN000584
2024-10-21 19:48:46;6557.88;Water Bill;TXN000585
2024-10-27 03:27:58;6282.58;Internet Bill;TXN000586
2024-10-19 23:56:41;5641.15;Hardware Store;TXN000587
2024-06-23 08:06:00;6813.84;Hardware Store;TXN000588
2024-09-06 17:07:05;6355.99;Garden Centre;TXN000589
2024-05-05 12:31:08;8642.96;Gym Membership;TXN000590
2024-05-02 18:37:41;1517.91;ATM Withdrawal;TXN000591
2024-07-01 02:39:40;4427.22;Clothing Store;TXN000592
2024-11-05 06:19:50;2753.72;Online Purchase;TXN000593
2024-05-16 16:20:21;5077.79;Clothing Store;TXN000594
2024-06-28 07:45:06;4524.17;Online Purchase;TXN000595
2024-05-23 04:53:00;8317.82;ATM Withdrawal;TXN000596
2024-09-07 08:43:37;8642.99;Bank Charges;TXN000597
2024-02-05 01:37:27;6153.32;Coffee Shop;TXN000598
2024-05-29 07:38:11;4632.03;Bookstore;TXN000599
2024-11-03 12:16:36;7391.08;Online Purchase;TXN000600
2024/06/15;9090.50;Hardware Store;TXN000601
2024-09-10 03:33:55;1890.32;Garden Centre;TXN000602
2024-07-03 17:11:01;5018.16;Online Purchase;TXN000603
2024-06-23 23:10:47;1043.88;Department Store;TXN000604
2024-05-13 09:04:19;9823.05;ATM Withdrawal;TXN000605
2024-07-14 22:44:15;6464.16;Online Purchase;TXN000606
2024-04-06 05:08:19;7078.43;Internet Bill;TXN000607
2024-07-22 12:40:22;5231.73;Water Bill;TXN000608
2024-05-21 07:46:29;3734.42;Clothing Store;TXN000609
2024-05-30 10:59:02;4093.20;Insurance Premium;TXN000610
2024-09-20 15:47:07;5982.28;Supermarket;TXN000611
2024-09-02 00:17:20;6475.93;ATM Withdrawal;TXN000612
2024-05-08 00:56:26;954.02;Streaming Service;TXN000613
2024-05-30 03:02:22;2848.34;Bakery;TXN000614
2024-11-26 17:10:22;6568.42;Garden Centre;TXN000615
2024-12-05 03:33:23;1512.08;ATM Withdrawal;TXN000616
2024-08-14 07:31:33;6638.82;Rent Payment;TXN000617
2024-04-30 11:34:09;9676.32;Fast Food;TXN000618
2024-09-14 03:32:49;3925.27;Garden Centre;TXN000619
2024-10-02 06:48:42;9379.70;Clothing Store;TXN000620
2024-08-05 01:31:52;3772.65;Supermarket;TXN000621
2024-05-07 13:37:24;8132.90;Streaming Service;TXN000622
2024-09-29 22:51:30;8290.47;Bakery;TXN000623
2024-09-23 04:31:32;9124.44;ATM Withdrawal;TXN000624
2024-09-07 21:23:15;6707.19;Coffee Shop;TXN000625
2024-05-20 12:28:56;192.10;Clothing Store;TXN000626
2024-03-11 00:10:19;9511.23;Insurance Premium;TXN000627
2024-10-24 13:05:36;4867.36;Petrol Station;TXN000628
2024-02-23 10:12:07;1557.75;Clothing Store;TXN000629
2024-11-23 22:38:34;7882.53;Coffee Shop;TXN000630
2024-10-26 09:04:23;5401.77;Bakery;TXN000631
2024-12-09 04:30:53;5269.52;Streaming Service;TXN000632
2024-05-10 18:52:17;8764.29;Garden Centre;TXN000633
2024-02-20 21:27:56;5975.89;Electricity Bill;TXN000634
2024-03-04 00:15:13;1816.47;Fast Food;TXN000635
2024-10-26 11:09:09;6250.53;Water Bill;TXN000636
2024-10-07 01:54:45;4381.92;School Fees;TXN000637
2024-05-21 11:30:59;6766.19;Petrol Station;TXN000638
2024-06-21 12:13:55;6109.24;Butcher;TXN000639
2024-10-17 16:51:57;7839.38;Petrol Station;TXN000640
2024-07-26 09:20:40;2399.05;Supermarket;TXN000641
2024-10-31 14:51:37;4695.00;Department Store;TXN000642
2024-03-16 08:21:42;3684.36;Hardware Store;TXN000643
2024-06-20 02:39:55;4621.72;Clothing Store;TXN000644
2024-10-29 04:38:30;3824.52;Coffee Shop;TXN000645
2024-06-11 14:12:06;9662.05;Department Store;TXN000646
2024-03-18 13:19:03;8013.78;Electricity Bill;TXN000647
2024-12-05 00:58:03;2507.28;Gym Membership;TXN000648
2024-07-05 15:25:46;8741.55;Bookstore;TXN000649
2024-12-28 20:14:49;1034.77;Bank Charges;TXN000650
2024-07-19 08:37:26;8512.30;Clothing Store;TXN000651
2024-02-02 13:46:22;7632.77;Pharmacy;TXN000652
2024-06-23 11:57:31;9053.10;Electricity Bill;TXN000653
2024-11-18 17:55:00;4379.91;Petrol Station;TXN000654
2024-11-13 04:13:33;4516.32;Rent Payment;TXN000655
2024-12-27 08:37:37;276.41;Online Purchase;TXN000656
2024-06-02 23:13:07;5024.55;Petrol Station;TXN000657
2024-05-29 23:19:44;9944.31;Rent Payment;TXN000658
2024-03-28 04:51:10;291.57;Salary Deposit;TXN000659
2024-11-21 21:41:23;7149.18;Insurance Premium;TXN000660
2024-11-03 08:12:07;1468.89;Online Purchase;TXN000661
2024-04-21 09:54:35;9173.87;Cell Phone Contract;TXN000662
2024-09-27 07:51:40;8311.96;Butcher;TXN000663
2024-10-01 00:04:25;4695.94;Garden Centre;TXN000664
2024-01-03 00:56:40;9058.61;Grocery Store;TXN000665
2024-04-09 09:23:02;2164.18;Electricity Bill;TXN000666
2024-08-01 03:13:34;9401.92;Garden Centre;TXN000667
2024-07-23 23:11:13;4237.89;Butcher;TXN000668
2024-04-21 21:18:04;2383.79;Salary Deposit;TXN000669
2024-01-19 13:03:25;2391.77;Gym Membership;TXN000670
2024-11-04 07:40:33;6231.25;ATM Withdrawal;TXN000671
2024-02-13 01:16:13;8367.67;Cell Phone Contract;TXN000672
2024-08-19 18:00:39;5364.64;Gym Membership;TXN000673
2024-07-19 03:38:59;5754.15;Fast Food;TXN000674
2024-02-25 18:13:59;2919.52;Grocery Store;TXN000675
2024-08-26 18:26:26;3534.28;Hardware Store;TXN000676
2024-06-10 18:41:29;1881.08;Streaming Service;TXN000677
2024-02-03 05:58:47;5239.09;Rent Payment;TXN000678
2024-01-27 06:49:01;9533.55;Bookstore;TXN000679
2024-07-16 00:38:12;7865.47;Coffee Shop;TXN000680
2024-08-03 05:04:14;213.12;Bank Charges;TXN000681
2024-07-01 13:58:35;444.87;Medical Aid;TXN000682
2024-05-24 23:25:49;2543.71;Grocery Store;TXN000683
2024-05-18 16:21:22;7886.53;Rent Payment;TXN000684
2024-04-03 15:27:23;7331.35;Gym Membership;TXN000685
2024-02-10 06:13:02;7716.53;Bakery;TXN000686
2024-10-20 20:45:31;3331.53;Online Purchase;TXN000687
2024-05-16 19:39:54;5464.13;Department Store;TXN000688
2024-09-06 15:17:21;1758.97;Butcher;TXN000689
2024-09-22 21:42:14;4651.12;Fast Food;TXN000690
2024-07-04 20:14:01;6320.41;Supermarket;TXN000691
2024-02-22 08:55:01;640.31;Butcher;TXN000692
2024-06-26 17:52:58;379.43;Restaurant;TXN000693
2024-01-18 00:18:14;7912.39;Online Purchase;TXN000694
2024-05-02 13:33:58;9333.44;Coffee Shop;TXN000695
2024-06-03 15:43:01;9890.35;Bookstore;TXN000696
2024-07-02 20:24:20;2540.35;Butcher;TXN000697
2024-09-08 05:32:58;1918.93;Rent Payment;TXN000698
2024-11-30 19:42:48;7809.83;Bank Charges;TXN000699
2024-09-11 15:51:33;3325.60;Salary Deposit;TXN000700
2024-11-06 10:24:40;3686.14;Medical Aid;TXN000701
2024-10-15 16:07:47;4402.53;Medical Aid;TXN000702
2024-05-11 16:03:01;9736.52;Cell Phone Contract;TXN000703
2024-09-25 18:32:45;4979.76;Supermarket;TXN000704
2024-07-20 16:00:06;2674.27;ATM Withdrawal;TXN000705
2024-10-09 08:53:20;4250.33;School Fees;TXN000706
2024-08-21 23:16:18;9950.04;Water Bill;TXN000707
2024-07-30 20:11:23;2944.43;Salary Deposit;TXN000708
2024-02-01 02:17:46;3285.59;Clothing Store;TXN000709
2024-04-29 00:44:54;4464.25;Fast Food;TXN000710
2024-06-14 11:41:22;1674.61;Internet Bill;TXN000711
2024-05-16 12:39:19;4476.38;Bakery;TXN000712
2024-12-03 21:20:03;9116.04;Garden Centre;TXN000713
2024-06-17 21:56:21;2752.53;Supermarket;TXN000714
2024-01-23 06:36:57;759.59;Gym Membership;TXN000715
2024-06-06 18:09:13;3639.11;Supermarket;TXN000716
2024-10-18 05:33:20;6796.63;Grocery Store;TXN000717
2024-02-25 10:48:03;8487.36;Streaming Service;TXN000718
2024-10-30 10:21:19;4386.91;Electricity Bill;TXN000719
2024-01-27 02:39:37;2367.36;Gym Membership;TXN000720
2024-05-22 06:25:43;3627.52;Hardware Store;TXN000721
2024-01-13 13:51:11;6054.29;Streaming Service;TXN000722
2024-06-23 17:34:56;9487.80;Rent Payment;TXN000723
2024-06-21 09:48:50;7632.45;Hardware Store;TXN000724
2024-02-23 11:24:41;5298.77;Medical Aid;TXN000725
2024-05-02 02:17:04;6498.46;Petrol Station;TXN000726
2024-02-14 01:25:03;268.85;Water Bill;TXN000727
2024-07-12 19:25:36;5181.76;Bookstore;TXN000728
2024-02-15 17:36:43;2624.89;Pharmacy;TXN000729
2024-09-30 10:06:28;4467.82;Garden Centre;TXN000730
2024-04-20 21:46:09;6942.17;Cell Phone Contract;TXN000731
2024-03-18 17:47:50;1235.03;Bank Charges;TXN000732
2024-01-29 18:12:54;4525.45;Fast Food;TXN000733
2024-06-21 20:44:13;9971.65;Supermarket;TXN000734
2024-09-21 20:02:28;9674.97;Insurance Premium;TXN000735
2024-09-16 08:43:04;3480.43;ATM Withdrawal;TXN000736
2024-08-01 14:20:41;5425.75;Clothing Store;TXN000737
2024-11-26 15:16:10;1583.32;Fast Food;TXN000738
2024-12-26 03:17:25;7004.49;Water Bill;TXN000739
2024-11-04 05:47:11;3620.95;Petrol Station;TXN000740
2024-02-17 03:10:48;9850.49;Supermarket;TXN000741
2024-02-23 22:25:34;2374.76;Cell Phone Contract;TXN000742
2024-01-11 04:59:05;3615.00;Hardware Store;TXN000743
2024-05-23 06:30:04;4678.92;Bookstore;TXN000744
2024-02-20 09:33:19;6122.75;ATM Withdrawal;TXN000745
2024-01-26 12:49:00;3099.50;Fast Food;TXN000746
2024-10-06 04:21:03;4791.39;School Fees;TXN000747
2024-10-25 17:07:59;4099.83;Hardware Store;TXN000748
2024-01-29 15:24:23;1261.89;Insurance Premium;TXN000749
2024-09-06 11:01:46;750.83;Internet Bill;TXN000100
2024-09-21 03:04:30;5177.91;Electricity Bill;TXN000751
2024-12-06 23:10:54;8291.42;Bookstore;TXN000752
2024-09-05 11:18:41;5881.39;Butcher;TXN000753
2024-02-20 02:40:27;4331.42;Bank Charges;TXN000754
2024-01-22 12:29:06;8314.76;Coffee Shop;TXN000755
2024-02-29 10:12:27;3047.90;Water Bill;TXN000756
2024-05-05 07:24:58;9347.10;Petrol Station;TXN000757
2024-05-14 09:10:07;9474.41;Coffee Shop;TXN000758
2024-12-13 13:18:50;2847.36;ATM Withdrawal;TXN000759
2024-04-07 07:48:38;1970.86;Bookstore;TXN000760
2024-04-16 14:04:08;1260.33;Clothing Store;TXN000761
2024-08-26 14:53:11;5338.91;Coffee Shop;TXN000762
2024-09-05 22:26:09;1694.50;Hardware Store;TXN000763
2024-02-29 21:11:41;1720.12;Garden Centre;TXN000764
2024-10-06 20:47:03;9020.09;Insurance Premium;TXN000765
2024-11-23 04:56:55;9239.13;Online Purchase;TXN000766
2024-11-16 11:45:34;8638.31;ATM Withdrawal;TXN000767
2024-01-18 15:44:04;9485.03;Butcher;TXN000768
2024-08-11 23:53:51;2653.65;Restaurant;TXN000769
2024-10-24 20:34:33;5725.08;Garden Centre;TXN000770
2024-09-05 03:49:46;312.53;Gym Membership;TXN000771
2024-07-30 21:09:02;2903.53;Clothing Store;TXN000772
2024-07-06 13:22:19;2456.09;Supermarket;TXN000773
2024-09-23 00:34:38;4066.46;Internet Bill;TXN000774
2024-01-29 08:09:28;6888.56;Water Bill;TXN000775
2024-06-19 17:25:12;4161.65;Internet Bill;TXN000776
2024-03-20 05:37:56;3408.18;Electricity Bill;TXN000777
2024-05-01 09:28:48;8615.37;Insurance Premium;TXN000778
2024-10-12 03:14:15;9879.37;Rent Payment;TXN000779
2024-06-03 20:18:29;1316.22;Rent Payment;TXN000780
2024-07-18 23:57:45;5620.33;Insurance Premium;TXN000781
2024-04-03 21:09:36;4669.59;Pharmacy;TXN000782
2024-06-23 14:32:18;2486.46;Salary Deposit;TXN000783
2024-01-20 15:40:31;2908.93;Medical Aid;TXN000784
2024-12-01 14:35:27;6157.01;Petrol Station;TXN000785
2024-12-02 01:15:01;9023.18;Department Store;TXN000786
2024-05-07 03:55:22;9337.24;Bakery;TXN000787
2024-05-01 10:42:51;1906.25;Water Bill;TXN000788
2024-07-12 12:10:17;9958.74;Internet Bill;TXN000789
2024-07-12 16:46:38;8791.09;Cell Phone Contract;TXN000790
2024-01-10 00:01:07;909.50;Medical Aid;TXN000791
2024-07-15 07:05:01;4577.28;Petrol Station;TXN000792
2024-03-24 13:17:28;5837.02;Online Purchase;TXN000793
2024-01-20 15:04:14;2820.47;Garden Centre;TXN000794
2024-12-08 15:59:59;8429.23;Streaming Service;TXN000795
2024-07-01 18:11:14;2864.34;Grocery Store;TXN000796
2024-11-25 00:13:07;1083.79;Electricity Bill;TXN000797
2024-12-08 17:05:00;2651.82;Rent Payment;TXN000798
2024-10-23 15:39:39;4038.10;Online Purchase;TXN000799
2024-06-04 13:41:28;521.01;Bookstore;TXN000800
2024-03-16 14:19:08;3631.25;Clothing Store;TXN000801
2024-01-29 13:21:56;3869.24;Internet Bill;TXN000802
2024-10-23 20:45:45;5502.52;Department Store;TXN000803
2024-08-30 01:01:57;6806.50;Salary Deposit;TXN000804
2024-02-19 23:13:46;9750.10;Medical Aid;TXN000805
2024-05-24 22:27:38;7950.23;Insurance Premium;TXN000806
2024-08-04 15:22:10;9389.16;Butcher;TXN000807
2024-02-26 00:40:09;1998.39;Coffee Shop;TXN000808
2024-06-04 21:11:55;5005.28;Online Purchase;TXN000809
2024-01-16 02:42:16;1378.86;Insurance Premium;TXN000810
2024-11-08 05:30:17;4742.23;Internet Bill;TXN000811
2024-02-27 20:13:39;6065.94;Coffee Shop;TXN000812
2024-02-24 06:51:11;3286.05;Garden Centre;TXN000813
2024-05-03 16:54:54;1633.23;Garden Centre;TXN000814
2024-10-14 02:57:21;8426.75;Hardware Store;TXN000815
2024-05-10 15:13:40;5077.57;Coffee Shop;TXN000816
2024-07-25 17:46:00;4903.08;Hardware Store;TXN000817
2024-04-26 10:15:02;4753.70;Grocery Store;TXN000818
2024-05-23 01:20:37;3318.75;Salary Deposit;TXN000819
2024-06-10 18:26:12;5840.60;Supermarket;TXN000820
2024-12-15 01:06:59;7255.26;Fast Food;TXN000821
2024-09-01 09:07:58;276.18;Cell Phone Contract;TXN000822
2024-04-13 02:55:22;9670.07;Supermarket;TXN000823
2024-10-28 10:21:15;5788.38;Petrol Station;TXN000824
2024-10-07 03:56:11;522.99;Cell Phone Contract;TXN000825
2024-03-07 05:17:15;5246.56;Bakery;TXN000826
2024-08-28 16:21:22;7747.54;Medical Aid;TXN000827
2024-02-27 09:22:09;8217.57;Petrol Station;TXN000828
2024-01-13 06:15:30;5729.40;Fast Food;TXN000829
2024-02-12 16:18:01;1915.74;Internet Bill;TXN000830
2024-05-01 19:49:33;4193.20;School Fees;TXN000831
2024-09-25 03:55:44;2046.67;Coffee Shop;TXN000832
2024-10-27 23:15:55;6118.05;Cell Phone Contract;TXN000833
2024-12-04 23:15:02;8484.44;Bakery;TXN000834
2024-01-25 04:30:13;7059.99;Coffee Shop;TXN000835
2024-03-21 12:33:53;5612.70;Streaming Service;TXN000836
2024-07-04 18:44:26;5258.99;Insurance Premium;TXN000837
2024-03-08 06:10:37;4601.58;Bookstore;TXN000838
2024-05-12 22:43:08;5466.72;Streaming Service;TXN000839
2024-10-26 19:27:58;8677.00;Streaming Service;TXN000840
2024-09-06 20:04:31;8037.69;Pharmacy;TXN000841
2024-08-24 22:19:33;4846.48;Petrol Station;TXN000842
2024-04-18 08:31:41;5584.73;Petrol Station;TXN000843
2024-04-25 13:58:07;7713.26;Fast Food;TXN000844
2024-03-21 11:58:08;6904.81;Cell Phone Contract;TXN000845
2024-05-03 03:02:02;4802.76;Bookstore;TXN000846
2024-12-28 14:43:05;9344.57;Bakery;TXN000847
2024-04-16 04:48:32;2884.73;Hardware Store;TXN000848
2024-09-19 18:34:35;5435.93;Medical Aid;TXN000849
2024-11-13 19:49:50;3457.55;Butcher;TXN000850
2024-11-08 11:33:47;1473.15;Online Purchase;TXN000851
2024-04-21 16:54:32;9552.63;ATM Withdrawal;TXN000852
2024-05-14 12:20:30;9239.93;Gym Membership;TXN000853
2024-04-09 14:13:51;7475.16;Restaurant;TXN000854
2024-03-19 11:24:37;8280.41;Pharmacy;TXN000855
2024-12-28 08:24:48;5624.00;Pharmacy;TXN000856
2024-02-23 07:28:36;1101.06;Bakery;TXN000857
2024-08-15 21:39:24;2400.19;Online Purchase;TXN000858
2024-09-17 03:18:18;9051.88;Petrol Station;TXN000859
2024-09-04 18:04:27;2335.80;Salary Deposit;TXN000860
2024-06-09 12:14:52;3309.30;Cell Phone Contract;TXN000861
2024-02-09 01:08:47;6814.43;Electricity Bill;TXN000862
2024-01-03 00:17:40;9644.58;Water Bill;TXN000863
2024-06-07 00:39:08;6531.75;Cell Phone Contract;TXN000864
2024-07-04 10:08:33;6508.23;Butcher;TXN000865
2024-04-21 13:19:04;3218.14;Gym Membership;TXN000866
2024-01-23 23:26:06;9079.38;ATM Withdrawal;TXN000867
2024-09-10 07:51:53;5745.02;Bookstore;TXN000868
2024-10-13 21:03:26;7233.22;Online Purchase;TXN000869
2024-12-20 15:55:04;9214.57;School Fees;TXN000870
2024-12-08 15:07:08;8376.84;Online Purchase;TXN000871
2024-11-20 17:58:43;3975.58;Cell Phone Contract;TXN000872
2024-03-13 08:33:00;9365.78;Bank Charges;TXN000873
2024-12-25 15:18:56;2901.49;Online Purchase;TXN000874
2024-01-04 14:22:34;2990.64;Garden Centre;TXN000875
2024-02-11 16:06:53;9284.34;Insurance Premium;TXN000876
2024-04-20 12:18:24;4548.49;Gym Membership;TXN000877
2024-07-29 23:55:39;5247.42;Electricity Bill;TXN000878
2024-11-26 12:27:06;5046.58;Pharmacy;TXN000879
2024-03-15 21:07:56;8089.24;Insurance Premium;TXN000880
2024-03-04 02:33:22;7313.15;Gym Membership;TXN000881
2024-04-09 21:52:56;7188.08;Grocery Store;TXN000882
2024-10-13 01:46:35;3377.41;Clothing Store;TXN000883
2024-08-08 12:06:16;6746.59;Restaurant;TXN000884
2024-03-09 03:43:52;6112.82;Gym Membership;TXN000885
2024-12-14 09:02:40;4060.44;School Fees;TXN000886
2024-07-19 02:45:49;3285.66;Medical Aid;TXN000887
2024-09-16 21:55:00;R850.00;Electricity Bill;TXN000888
2024-07-04 10:11:41;3242.46;Petrol Station;TXN000889
2024-01-03 15:39:40;2614.98;Petrol Station;TXN000890
2024-06-22 11:52:36;7539.28;Insurance Premium;TXN000891
2024-04-27 06:20:21;5828.20;Hardware Store;TXN000892
2024-01-05 10:35:19;2622.65;Rent Payment;TXN000893
2024-09-26 01:04:16;2370.43;Streaming Service;TXN000894
2024-02-15 21:56:07;4658.83;Water Bill;TXN000895
2024-06-06 10:45:24;6863.19;Fast Food;TXN000896
2024-10-25 23:26:19;3116.36;Salary Deposit;TXN000897
2024-09-05 01:13:15;9161.23;Clothing Store;TXN000898
2024-05-22 17:45:26;6149.49;Petrol Station;TXN000899
2024-02-21 20:57:04;4786.56;Internet Bill;TXN000900
2024-10-17 09:23:37;9887.50;Rent Payment;TXN000901
2024-06-10 11:57:43;7021.69;Cell Phone Contract;TXN000902
2024-10-21 03:01:06;5379.26;Streaming Service;TXN000903
2024-11-16 15:10:56;2191.71;Petrol Station;TXN000904
2024-09-21 05:14:46;7549.09;Bank Charges;TXN000905
2024-11-01 18:49:36;827.80;Internet Bill;TXN000906
2024-07-24 02:55:49;7039.92;ATM Withdrawal;TXN000907
2024-12-22 05:20:25;5645.48;Online Purchase;TXN000908
2024-11-17 20:44:02;5480.47;Coffee Shop;TXN000909
2024-03-19 12:14:15;5730.72;Electricity Bill;TXN000910
2024-03-04 21:35:50;3287.57;Coffee Shop;TXN000911
2024-06-20 14:15:08;1171.12;Restaurant;TXN000912
2024-10-05 10:09:35;5835.06;ATM Withdrawal;TXN000913
2024-12-15 02:15:21;5108.14;Supermarket;TXN000914
2024-01-22 14:33:47;4539.34;Coffee Shop;TXN000915
2024-06-10 08:02:15;4572.96;Online Purchase;TXN000916
2024-08-05 00:22:02;4628.70;Supermarket;TXN000917
2024-04-29 16:20:54;7234.84;Medical Aid;TXN000918
2024-04-08 19:42:47;8165.55;Bakery;TXN000919
2024-03-25 14:59:14;5786.75;Online Purchase;TXN000920
2024-06-13 13:08:45;3451.50;ATM Withdrawal;TXN000921
2024-07-29 04:00:33;9940.30;ATM Withdrawal;TXN000922
2024-12-28 15:25:08;4725.52;Clothing Store;TXN000923
2024-06-07 18:54:57;1807.83;Electricity Bill;TXN000924
2024-10-24 10:01:52;6418.19;Bakery;TXN000925
2024-09-07 20:02:43;9637.22;Rent Payment;TXN000926
2024-12-12 03:49:52;3830.59;Bank Charges;TXN000927
2024-12-22 04:07:55;9067.70;Medical Aid;TXN000928
2024-02-01 03:59:02;6829.79;Streaming Service;TXN000929
2024-12-05 15:25:53;5397.07;Gym Membership;TXN000930
2024-11-30 02:27:07;3483.87;Water Bill;TXN000931
2024-07-27 15:36:43;3936.26;Electricity Bill;TXN000932
2024-10-09 16:07:46;9786.48;Department Store;TXN000933
2024-01-02 08:22:24;7563.48;Clothing Store;TXN000934
2024-06-28 19:30:32;6737.59;Bookstore;TXN000935
2024-06-13 17:09:35;5323.48;Department Store;TXN000936
2024-03-30 04:37:27;2482.40;Rent Payment;TXN000937
2024-03-01 05:50:09;2763.47;Bakery;TXN000938
2024-10-24 06:52:59;1137.21;Supermarket;TXN000939
2024-09-13 09:29:18;4197.79;Butcher;TXN000940
2024-12-29 14:22:11;8837.84;Grocery Store;TXN000941
2024-04-03 11:10:20;2068.55;Salary Deposit;TXN000942
2024-08-18 15:57:38;345.39;Garden Centre;TXN000943
2024-09-17 23:42:51;7035.13;Online Purchase;TXN000944
2024-04-05 01:05:15;7407.26;Medical Aid;TXN000945
2024-06-19 11:25:47;2350.82;Restaurant;TXN000946
2024-10-19 23:23:03;8637.80;Online Purchase;TXN000947
2024-02-24 10:09:29;5043.42;Clothing Store;TXN000948
2024-03-31 22:32:36;8158.89;Bakery;TXN000949
2024-08-11 17:44:15;3195.53;Garden Centre
2024-10-27 00:34:40;6727.92;Insurance Premium;TXN000951
2024-04-02 00:06:20;3024.32;Electricity Bill;TXN000952
2024-09-13 09:37:32;5216.78;School Fees;TXN000953
2024-04-26 16:52:18;2758.51;Bookstore;TXN000954
2024-08-17 18:44:14;8797.46;Water Bill;TXN000955
2024-08-31 02:40:44;6790.03;Bookstore;TXN000956
2024-07-11 11:31:14;478.33;Rent Payment;TXN000957
2024-09-06 20:08:25;6716.04;Supermarket;TXN000958
2024-07-22 16:21:00;3193.84;School Fees;TXN000959
2024-06-07 13:15:04;1500.53;Medical Aid;TXN000960
2024-03-12 09:52:34;7545.86;Cell Phone Contract;TXN000961
2024-04-03 13:59:10;8494.07;Clothing Store;TXN000962
2024-11-29 00:51:49;7077.98;Supermarket;TXN000963
2024-06-28 19:42:26;9147.35;Bookstore;TXN000964
2024-06-09 06:25:58;9677.22;Bookstore;TXN000965
2024-07-24 19:52:54;1349.45;Petrol Station;TXN000966
2024-04-09 00:43:54;2041.13;Gym Membership;TXN000967
2024-01-31 16:59:23;9222.12;Bank Charges;TXN000968
2024-05-24 02:41:34;933.62;Bakery;TXN000969
2024-11-18 02:37:36;1912.72;Pharmacy;TXN000970
2024-05-26 11:27:37;6739.31;Garden Centre;TXN000971
2024-01-16 08:36:35;8736.59;Restaurant;TXN000972
2024-11-08 11:53:14;7618.59;Bakery;TXN000973
2024-09-17 18:22:20;5592.36;Cell Phone Contract;TXN000974
2024-03-22 02:59:14;8695.17;Insurance Premium;TXN000975
2024-04-27 17:55:01;9569.67;Grocery Store;TXN000976
2024-03-23 06:11:29;9371.29;Bakery;TXN000977
2024-02-15 13:27:58;7470.58;Butcher;TXN000978
2024-07-04 23:51:57;9144.35;Fast Food;TXN000979
2024-08-22 17:25:50;7039.94;Medical Aid;TXN000980
2024-12-21 09:35:48;2400.68;Insurance Premium;TXN000981
2024-10-28 04:18:47;2837.48;Internet Bill;TXN000982
2024-07-26 05:58:46;6490.08;Clothing Store;TXN000983
2024-04-11 13:55:51;3602.49;Cell Phone Contract;TXN000984
2024-06-29 23:28:21;995.00;Bakery;TXN000985
2024-07-01 07:58:04;7617.91;Insurance Premium;TXN000986
2024-12-21 02:10:40;2039.04;Insurance Premium;TXN000987
2024-06-09 18:06:31;466.65;Bank Charges;TXN000988
2024-03-26 22:25:26;7414.37;Grocery Store;TXN000989
2024-04-11 06:35:27;5537.03;Hardware Store;TXN000990
2024-08-12 22:00:11;7202.20;Clothing Store;TXN000991
2024-02-29 04:34:38;1969.76;Petrol Station;TXN000992
2024-05-27 12:21:47;5701.63;Petrol Station;TXN000993
2024-07-12 21:49:37;5510.37;Streaming Service;TXN000994
2024-05-11 02:19:37;2580.44;Department Store;TXN000995
2024-07-08 18:16:43;9664.45;Gym Membership;TXN000996
2024-10-14 05:30:59;4910.56;Water Bill;TXN000997
2024-10-11 13:55:56;7951.01;Water Bill;TXN000998
2024-02-24 08:30:28;7205.21;Cell Phone Contract;TXN000999
2024-03-12 11:26:58;9168.91;Bookstore;TXN001000