TransactionTime,Amount,Description,TransactionId
2024-01-01 15:09:00,-154.16,Coffee Shop,TXN000001
2024-01-01 21:28:00,2073.90,Internet Bill,TXN000002
2024-01-01 23:16:00,-287.78,Bookstore,TXN000003
2024-01-02 04:30:00,574.07,Pharmacy,TXN000004
2024-01-02 05:14:00,3390.23,Parking Fee,TXN000005
2024-01-02 12:01:00,2287.28,Freelance Income,TXN000006
2024-01-02 12:50:00,4274.09,Online Shopping,TXN000007
2024-01-02 17:52:00,3731.79,Fuel Station,TXN000008
2024-01-02 19:15:00,-38.71,Electricity Bill,TXN000009
2024-01-02 22:04:00,-36.45,Freelance Income,TXN000010
2024-01-02 23:38:00,2112.50,Streaming Service,TXN000011
2024-01-03 00:27:00,982.96,Rent Payment,TXN000012
2024-01-03 02:38:00,3001.75,Salary Deposit,TXN000013
2024-01-03 06:17:00,1493.87,Restaurant,TXN000014
2024-01-03 11:36:00,2454.29,ATM Withdrawal,TXN000015
2024-01-03 15:59:00,1351.11,Restaurant,TXN000016
2024-01-03 21:43:00,1937.15,Freelance Income,TXN000017
2024-01-04 03:03:00,2390.37,Pharmacy,TXN000018
2024-01-04 05:10:00,5.21,Insurance Premium,TXN000019
2024-01-04 11:01:00,2584.96,Internet Bill,TXN000020
2024-01-04 15:59:00,3272.40,Hardware Store,TXN000021
2024-01-04 22:04:00,-206.15,Freelance Income,TXN000022
2024-01-05 05:12:00,4645.80,Pharmacy,TXN000023
2024-01-05 10:20:00,2623.18,Rent Payment,TXN000024
2024-01-05 15:52:00,358.88,Pharmacy,TXN000025
2024-01-05 17:19:00,4653.08,Parking Fee,TXN000026
2024-01-05 20:29:00,234.08,Pharmacy,TXN000027
2024-01-06 00:11:00,1706.33,Online Shopping,TXN000028
2024-01-06 00:38:00,4354.05,Electricity Bill,TXN000029
2024-01-06 07:26:00,317.97,Parking Fee,TXN000030
2024-01-06 07:37:00,1358.14,Bookstore,TXN000031
2024-01-06 13:10:00,687.13,Gym Membership,TXN000032
2024-01-06 19:09:00,1612.40,Parking Fee,TXN000033
2024-01-06 23:30:00,552.31,Streaming Service,TXN000034
2024-01-07 04:01:00,4217.50,Insurance Premium,TXN000035
2024-01-07 04:32:00,3550.24,Internet Bill,TXN000036
2024-01-07 06:59:00,571.17,Salary Deposit,TXN000037
2024-01-07 13:49:00,-347.10,Internet Bill,TXN000038
2024-01-07 19:21:00,3137.35,Parking Fee,TXN000039
2024-01-08 00:30:00,3067.74,Public Transport,TXN000040
2024-01-08 04:09:00,1723.33,Online Shopping,TXN000041
2024-01-08 10:03:00,4126.89,Internet Bill,TXN000042
2024-01-08 10:36:00,1961.59,Salary Deposit,TXN000043
2024-01-08 18:23:00,2420.17,Online Shopping,TXN000044
2024-01-09 01:15:00,3011.74,Hardware Store,TXN000045
2024-01-09 06:54:00,4261.09,Coffee Shop,TXN000046
2024-01-09 11:06:00,1013.11,Pharmacy,TXN000047
2024-01-09 17:03:00,219.54,Pharmacy,TXN000048
2024-01-09 21:33:00,-24.22,Pharmacy,TXN000049
2024-01-10 03:35:00,2376.93,Fuel Station,TXN000050
2024-01-10 10:24:00,1371.01,Freelance Income,TXN000051
2024-01-10 13:12:00,1979.83,Restaurant,TXN000052
2024-01-10 17:17:00,2953.98,Insurance Premium,TXN000053
2024-01-10 23:39:00,-417.31,Pharmacy,TXN000054
2024-01-11 02:48:00,-188.56,Pharmacy,TXN000055
2024-01-11 04:31:00,349.67,Coffee Shop,TXN000056
2024-01-11 06:01:00,1615.41,Grocery Store,TXN000057
2024-01-11 11:08:00,1246.92,Coffee Shop,TXN000058
2024-01-11 12:54:00,4450.04,Public Transport,TXN000059
2024-01-11 17:55:00,-398.95,Salary Deposit,TXN000060
2024-01-11 19:17:00,341.64,Pharmacy,TXN000061
2024-01-11 20:12:00,3127.82,Grocery Store,TXN000062
2024-01-11 22:46:00,-216.34,Electricity Bill,TXN000063
2024-01-12 01:44:00,4547.06,Hardware Store,TXN000064
2024-01-12 02:45:00,-391.55,Water Bill,TXN000065
2024-01-12 08:23:00,1490.80,Streaming Service,TXN000066
2024-01-12 15:34:00,4985.34,Public Transport,TXN000067
2024-01-12 17:53:00,1564.95,Salary Deposit,TXN000068
2024-01-12 18:05:00,4178.49,Rent Payment,TXN000069
2024-01-12 23:51:00,3091.82,Salary Deposit,TXN000070
2024-01-13 01:14:00,1946.16,Streaming Service,TXN000071
2024-01-13 08:30:00,483.96,Online Shopping,TXN000072
2024-01-13 13:03:00,1638.64,Hardware Store,TXN000073
2024-01-13 15:51:00,316.34,Salary Deposit,TXN000074
2024-01-13 22:12:00,3984.13,Salary Deposit,TXN000075
2024-01-14 00:24:00,1515.75,Coffee Shop,TXN000076
2024-01-14 05:37:00,1283.62,Water Bill,TXN000077
2024-01-14 07:14:00,3133.88,Public Transport,TXN000078
2024-01-14 11:36:00,3155.26,Insurance Premium,TXN000079
2024-01-14 14:27:00,2605.22,Salary Deposit,TXN000080
2024-01-14 22:25:00,294.82,Water Bill,TXN000081
2024-01-15 06:23:00,4941.49,Restaurant,TXN000082
2024-01-15 11:05:00,3786.50,Online Shopping,TXN000083
2024-01-15 15:57:00,3954.23,Parking Fee,TXN000084
2024-01-15 22:06:00,168.87,Parking Fee,TXN000085
2024-01-15 23:20:00,1058.58,Internet Bill,TXN000086
2024-01-16 05:41:00,3197.70,Freelance Income,TXN000087
2024-01-16 12:27:00,1477.79,Electricity Bill,TXN000088
2024-01-16 15:02:00,791.30,Water Bill,TXN000089
2024-01-16 17:47:00,2104.70,Internet Bill,TXN000090
2024-01-16 23:15:00,-370.33,Parking Fee,TXN000091
2024-01-17 00:12:00,201.29,Restaurant,TXN000092
2024-01-17 07:37:00,3160.06,Online Shopping,TXN000093
2024-01-17 11:42:00,2448.13,Internet Bill,TXN000094
2024-01-17 13:45:00,2020.14,Streaming Service,TXN000095
2024-01-17 16:31:00,4818.25,Hardware Store,TXN000096
2024-01-17 21:38:00,3309.25,Grocery Store,TXN000097
2024-01-18 04:56:00,3533.79,Internet Bill,TXN000098
2024-01-18 05:53:00,-64.15,Pharmacy,TXN000099
2024-01-18 06:18:00,3026.81,Pharmacy,TXN000100
2024-01-18 08:28:00,4207.04,Hardware Store,TXN000101
2024-01-18 14:56:00,2772.46,Salary Deposit,TXN000102
2024-01-18 19:54:00,1434.82,Gym Membership,TXN000103
2024-01-19 00:17:00,2244.49,Restaurant,TXN000104
2024-01-19 04:02:00,1690.69,Fuel Station,TXN000105
2024-01-19 05:54:00,3030.08,Parking Fee,TXN000106
2024-01-19 13:24:00,2592.00,Pharmacy,TXN000107
2024-01-19 16:58:00,2342.44,Parking Fee,TXN000108
2024-01-19 19:58:00,266.87,Public Transport,TXN000109
2024-01-19 20:58:00,4527.48,Pharmacy,TXN000110
2024-01-20 01:28:00,4125.12,Public Transport,TXN000111
2024-01-20 03:37:00,2435.78,Water Bill,TXN000112
2024-01-20 11:06:00,-241.60,Electricity Bill,TXN000113
2024-01-20 17:20:00,4015.32,Electricity Bill,TXN000114
2024-01-20 19:13:00,2907.56,Streaming Service,TXN000115
2024-01-21 00:04:00,678.26,Internet Bill,TXN000116
2024-01-21 03:10:00,2629.95,Hardware Store,TXN000117
2024-01-21 05:54:00,-441.38,Parking Fee,TXN000118
2024-01-21 12:08:00,1468.29,ATM Withdrawal,TXN000119
2024-01-21 19:20:00,-462.60,Internet Bill,TXN000120
2024-01-22 00:17:00,406.34,Parking Fee,TXN000121
2024-01-22 04:43:00,4132.76,Public Transport,TXN000122
2024-01-22 07:04:00,1024.52,Online Shopping,TXN000123
2024-01-22 14:55:00,4337.89,Water Bill,TXN000124
2024-01-22 21:58:00,1729.12,Bookstore,TXN000125
2024-01-23 04:37:00,3525.03,Grocery Store,TXN000126
2024-01-23 07:09:00,2112.86,Bookstore,TXN000127
2024-01-23 13:24:00,-323.25,Salary Deposit,TXN000128
2024-01-23 17:26:00,2454.35,Water Bill,TXN000129
2024-01-23 20:43:00,2993.91,Public Transport,TXN000130
2024-01-23 21:21:00,823.84,Public Transport,TXN000131
2024-01-23 21:46:00,913.76,Salary Deposit,TXN000132
2024-01-24 02:40:00,1939.54,Online Shopping,TXN000133
2024-01-24 09:29:00,4337.95,Parking Fee,TXN000134
2024-01-24 14:19:00,2388.01,Insurance Premium,TXN000135
2024-01-24 19:13:00,3841.03,Gym Membership,TXN000136
2024-01-24 19:58:00,3243.35,Coffee Shop,TXN000137
2024-01-24 23:03:00,-37.50,Parking Fee,TXN000138
2024-01-25 04:04:00,2859.79,Online Shopping,TXN000139
2024-01-25 10:46:00,4847.26,Coffee Shop,TXN000140
2024-01-25 15:19:00,4366.16,Online Shopping,TXN000141
2024-01-25 15:31:00,89.21,Salary Deposit,TXN000142
2024-01-25 19:40:00,3993.03,Bookstore,TXN000143
2024-01-26 01:13:00,709.08,Bookstore,TXN000144
2024-01-26 07:40:00,268.79,Streaming Service,TXN000145
2024-01-26 13:06:00,4568.84,Water Bill,TXN000146
2024-01-26 20:21:00,4445.52,Pharmacy,TXN000147
2024-01-27 02:23:00,4304.76,Electricity Bill,TXN000148
2024-01-27 09:58:00,2547.94,Internet Bill,TXN000149
2024-01-27 15:55:00,3171.04,Insurance Premium,TXN000150
2024-01-27 23:10:00,-1.89,Online Shopping,TXN000151
2024-01-28 02:00:00,4685.45,Insurance Premium,TXN000152
2024-01-28 08:34:00,1351.92,Fuel Station,TXN000153
2024-01-28 13:47:00,1793.34,Internet Bill,TXN000154
2024-01-28 19:02:00,3384.50,Freelance Income,TXN000155
2024-01-28 21:52:00,4080.24,Salary Deposit,TXN000156
2024-01-29 03:19:00,1243.69,Parking Fee,TXN000157
2024-01-29 11:15:00,2338.09,Freelance Income,TXN000158
2024-01-29 16:48:00,1682.68,Coffee Shop,TXN000159
2024-01-29 17:36:00,2603.69,Grocery Store,TXN000160
2024-01-29 23:36:00,-450.80,Internet Bill,TXN000161
2024-01-30 01:38:00,1556.88,Restaurant,TXN000162
2024-01-30 03:27:00,166.57,Coffee Shop,TXN000163
2024-01-30 09:28:00,457.16,Electricity Bill,TXN000164
2024-01-30 15:09:00,2230.73,Freelance Income,TXN000165
2024-01-30 20:49:00,3312.99,Pharmacy,TXN000166
2024-01-30 21:32:00,4446.54,Internet Bill,TXN000167
2024-01-31 01:46:00,2801.05,Parking Fee,TXN000168
2024-01-31 02:46:00,3223.04,Parking Fee,TXN000169
2024-01-31 05:47:00,4036.98,Restaurant,TXN000170
2024-01-31 08:07:00,490.50,Online Shopping,TXN000171
2024-01-31 12:53:00,1237.50,Parking Fee,TXN000172
2024-01-31 13:17:00,2506.32,Salary Deposit,TXN000173
2024-01-31 16:30:00,3450.96,Hardware Store,TXN000174
2024-01-31 19:44:00,3361.69,Fuel Station,TXN000175
2024-02-01 01:29:00,-366.97,Grocery Store,TXN000176
2024-02-01 05:34:00,524.62,Rent Payment,TXN000177
2024-02-01 13:09:00,4162.81,Pharmacy,TXN000178
2024-02-01 20:12:00,444.00,Online Shopping,TXN000179
2024-02-01 22:17:00,1326.63,Parking Fee,TXN000180
2024-02-02 02:51:00,769.24,Fuel Station,TXN000181
2024-02-02 06:39:00,1399.38,Salary Deposit,TXN000182
2024-02-02 14:32:00,-132.21,Hardware Store,TXN000183
2024-02-02 21:27:00,3099.50,Freelance Income,TXN000184
2024-02-03 04:12:00,-167.11,Public Transport,TXN000185
2024-02-03 08:42:00,1284.71,Coffee Shop,TXN000186
2024-02-03 14:14:00,3494.76,Parking Fee,TXN000187
2024-02-03 14:56:00,2642.39,Insurance Premium,TXN000188
2024-02-03 22:33:00,4776.79,Insurance Premium,TXN000189
2024-02-04 04:23:00,4482.76,Hardware Store,TXN000190
2024-02-04 07:58:00,1704.81,Salary Deposit,TXN000191
2024-02-04 08:26:00,1090.53,ATM Withdrawal,TXN000192
2024-02-04 11:51:00,1398.50,ATM Withdrawal,TXN000193
2024-02-04 18:49:00,1097.72,Online Shopping,TXN000194
2024-02-04 22:42:00,3486.71,Streaming Service,TXN000195
2024-02-05 04:48:00,1820.80,ATM Withdrawal,TXN000196
2024-02-05 09:46:00,4715.61,Online Shopping,TXN000197
2024-02-05 10:19:00,3961.46,Water Bill,TXN000198
2024-02-05 13:36:00,2429.07,Salary Deposit,TXN000199
2024-02-05 18:06:00,1332.72,Pharmacy,TXN000200
2024-02-05 23:51:00,1900.16,Water Bill,TXN000201
2024-02-06 01:37:00,3794.16,Electricity Bill,TXN000202
2024-02-06 01:48:00,4590.66,Parking Fee,TXN000203
2024-02-06 04:26:00,154.07,Fuel Station,TXN000204
2024-02-06 10:25:00,785.30,Bookstore,TXN000205
2024-02-06 15:39:00,2299.73,Internet Bill,TXN000206
2024-02-06 21:27:00,864.50,Grocery Store,TXN000207
2024-02-07 00:39:00,2292.94,Pharmacy,TXN000208
2024-02-07 02:24:00,4379.66,Parking Fee,TXN000209
2024-02-07 06:19:00,4093.33,Fuel Station,TXN000210
2024-02-07 13:36:00,3440.95,Public Transport,TXN000211
2024-02-07 15:40:00,772.59,Fuel Station,TXN000212
2024-02-07 18:22:00,157.38,ATM Withdrawal,TXN000213
2024-02-07 23:59:00,4153.63,Grocery Store,TXN000214
2024-02-08 05:55:00,2352.05,Pharmacy,TXN000215
2024-02-08 09:08:00,1481.05,Internet Bill,TXN000216
2024-02-08 15:56:00,3053.70,Bookstore,TXN000217
2024-02-08 17:43:00,3660.02,Water Bill,TXN000218
2024-02-08 21:13:00,1443.65,Freelance Income,TXN000219
2024-02-08 21:43:00,1479.77,Hardware Store,TXN000220
2024-02-09 02:36:00,4336.17,Rent Payment,TXN000221
2024-02-09 05:17:00,1520.89,Rent Payment,TXN000222
2024-02-09 05:37:00,4450.52,Pharmacy,TXN000223
2024-02-09 10:10:00,2506.90,Rent Payment,TXN000224
2024-02-09 17:04:00,674.90,Grocery Store,TXN000225
2024-02-10 00:18:00,3037.58,Insurance Premium,TXN000226
2024-02-10 02:40:00,1617.49,Water Bill,TXN000227
2024-02-10 07:49:00,4839.64,Public Transport,TXN000228
2024-02-10 10:26:00,3858.30,Fuel Station,TXN000229
2024-02-10 17:37:00,3370.74,Rent Payment,TXN000230
2024-02-11 01:14:00,2917.21,Internet Bill,TXN000231
2024-02-11 07:13:00,1832.26,ATM Withdrawal,TXN000232
2024-02-11 14:11:00,1353.43,Parking Fee,TXN000233
2024-02-11 15:42:00,2452.81,Hardware Store,TXN000234
2024-02-11 16:51:00,2887.86,Online Shopping,TXN000235
2024-02-11 20:07:00,39.22,Pharmacy,TXN000236
2024-02-11 21:10:00,4596.26,Online Shopping,TXN000237
2024-02-12 01:36:00,1690.17,Online Shopping,TXN000238
2024-02-12 02:04:00,1965.17,Coffee Shop,TXN000239
2024-02-12 05:20:00,-47.91,Fuel Station,TXN000240
2024-02-12 11:43:00,4168.03,Water Bill,TXN000241
2024-02-12 19:16:00,2388.11,Parking Fee,TXN000242
2024-02-12 23:21:00,3647.40,Gym Membership,TXN000243
2024-02-13 06:48:00,55.23,Gym Membership,TXN000244
2024-02-13 10:20:00,3629.54,Water Bill,TXN000245
2024-02-13 11:41:00,3777.70,Fuel Station,TXN000246
2024-02-13 17:11:00,4551.84,Fuel Station,TXN000247
2024-02-13 21:03:00,4376.89,Public Transport,TXN000248
2024-02-14 02:47:00,3561.83,Restaurant,TXN000249
2024-02-14 03:42:00,253.11,Restaurant,TXN000250
2024-02-14 05:03:00,2416.89,Restaurant,TXN000251
2024-02-14 06:37:00,4194.43,Fuel Station,TXN000252
2024-02-14 11:54:00,3878.93,Restaurant,TXN000253
2024-02-14 15:43:00,2103.06,Insurance Premium,TXN000254
2024-02-14 18:19:00,2607.81,Grocery Store,TXN000255
2024-02-14 23:59:00,2662.70,Grocery Store,TXN000256
2024-02-15 01:10:00,1068.08,Streaming Service,TXN000257
2024-02-15 02:23:00,3259.20,Gym Membership,TXN000258
2024-02-15 07:32:00,3196.29,Water Bill,TXN000259
2024-02-15 12:39:00,4940.44,Insurance Premium,TXN000260
2024-02-15 19:23:00,526.38,Bookstore,TXN000261
2024-02-16 02:10:00,317.45,Salary Deposit,TXN000262
2024-02-16 02:28:00,2014.92,Grocery Store,TXN000263
2024-02-16 06:15:00,4068.71,Hardware Store,TXN000264
2024-02-16 11:57:00,1096.50,Insurance Premium,TXN000265
2024-02-16 12:46:00,3916.77,Restaurant,TXN000266
2024-02-16 16:24:00,4444.73,Rent Payment,TXN000267
2024-02-16 19:23:00,372.33,Rent Payment,TXN000268
2024-02-16 19:55:00,3271.53,Gym Membership,TXN000269
2024-02-17 01:21:00,372.27,ATM Withdrawal,TXN000270
2024-02-17 03:58:00,2499.67,Fuel Station,TXN000271
2024-02-17 06:50:00,158.87,Bookstore,TXN000272
2024-02-17 08:09:00,2625.47,Pharmacy,TXN000273
2024-02-17 11:54:00,2616.97,Streaming Service,TXN000274
2024-02-17 14:55:00,2148.21,Bookstore,TXN000275
2024-02-17 16:07:00,3618.02,Salary Deposit,TXN000276
2024-02-17 22:29:00,711.00,Hardware Store,TXN000277
2024-02-18 02:49:00,3902.18,Streaming Service,TXN000278
2024-02-18 04:15:00,1762.36,ATM Withdrawal,TXN000279
2024-02-18 07:36:00,4821.52,ATM Withdrawal,TXN000280
2024-02-18 11:07:00,3161.86,Online Shopping,TXN000281
2024-02-18 18:55:00,-427.58,Bookstore,TXN000282
2024-02-18 22:43:00,1493.07,Fuel Station,TXN000283
2024-02-19 02:11:00,21.53,Restaurant,TXN000284
2024-02-19 04:58:00,4058.07,Bookstore,TXN000285
2024-02-19 08:03:00,2327.18,Hardware Store,TXN000286
2024-02-19 11:22:00,2203.98,Fuel Station,TXN000287
2024-02-19 13:34:00,1181.36,Streaming Service,TXN000288
2024-02-19 16:14:00,3404.73,Hardware Store,TXN000289
2024-02-19 18:28:00,-90.32,Parking Fee,TXN000290
2024-02-19 20:04:00,3096.16,Streaming Service,TXN000291
2024-02-19 22:44:00,2285.91,Grocery Store,TXN000292
2024-02-20 03:13:00,4678.46,Parking Fee,TXN000293
2024-02-20 06:51:00,3755.42,Salary Deposit,TXN000294
2024-02-20 14:27:00,2448.69,Insurance Premium,TXN000295
2024-02-20 17:14:00,4872.57,ATM Withdrawal,TXN000296
2024-02-20 17:35:00,2993.46,Parking Fee,TXN000297
2024-02-20 21:52:00,1326.10,Grocery Store,TXN000298
2024-02-21 03:38:00,698.32,Grocery Store,TXN000299
2024-02-21 03:58:00,2889.40,Pharmacy,TXN000300
2024-02-21 09:46:00,620.99,Grocery Store,TXN000301
2024-02-21 13:02:00,2928.64,Grocery Store,TXN000302
2024-02-21 13:40:00,2804.82,Salary Deposit,TXN000303
2024-02-21 19:39:00,1224.52,Internet Bill,TXN000304
2024-02-21 23:35:00,1893.58,Water Bill,TXN000305
2024-02-22 02:59:00,4753.69,Online Shopping,TXN000306
2024-02-22 04:39:00,1695.36,Bookstore,TXN000307
2024-02-22 07:12:00,2219.95,Salary Deposit,TXN000308
2024-02-22 14:05:00,3965.95,Electricity Bill,TXN000309
2024-02-22 20:18:00,90.76,Gym Membership,TXN000310
2024-02-23 01:03:00,3875.78,Public Transport,TXN000311
2024-02-23 03:26:00,166.69,Salary Deposit,TXN000312
2024-02-23 06:48:00,53.19,Coffee Shop,TXN000313
2024-02-23 10:06:00,3195.35,Grocery Store,TXN000314
2024-02-23 15:31:00,613.04,Parking Fee,TXN000315
2024-02-23 16:07:00,274.03,ATM Withdrawal,TXN000316
2024-02-23 19:29:00,1880.16,Fuel Station,TXN000317
2024-02-24 01:29:00,528.58,Online Shopping,TXN000318
2024-02-24 03:22:00,1090.22,Hardware Store,TXN000319
2024-02-24 05:05:00,1887.05,Grocery Store,TXN000320
2024-02-24 11:23:00,1201.68,Gym Membership,TXN000321
2024-02-24 11:47:00,39.85,Bookstore,TXN000322
2024-02-24 16:08:00,4905.03,Pharmacy,TXN000323
2024-02-24 21:28:00,4616.19,Salary Deposit,TXN000324
2024-02-25 04:28:00,3343.69,Internet Bill,TXN000325
2024-02-25 08:14:00,2280.32,Rent Payment,TXN000326
2024-02-25 10:39:00,528.91,Pharmacy,TXN000327
2024-02-25 18:35:00,2883.60,Freelance Income,TXN000328
2024-02-26 01:43:00,3853.35,Parking Fee,TXN000329
2024-02-26 05:48:00,3780.79,Electricity Bill,TXN000330
2024-02-26 10:52:00,-280.93,Internet Bill,TXN000331
2024-02-26 12:14:00,4554.90,Online Shopping,TXN000332
2024-02-26 14:29:00,807.66,Fuel Station,TXN000333
2024-02-26 21:49:00,3282.80,Freelance Income,TXN000334
2024-02-27 03:22:00,3653.84,Grocery Store,TXN000335
2024-02-27 03:49:00,765.07,Rent Payment,TXN000336
2024-02-27 06:49:00,88.34,Fuel Station,TXN000337
2024-02-27 10:47:00,1979.54,Pharmacy,TXN000338
2024-02-27 11:20:00,370.21,ATM Withdrawal,TXN000339
2024-02-27 18:38:00,767.32,Rent Payment,TXN000340
2024-02-28 02:06:00,4253.28,Insurance Premium,TXN000341
2024-02-28 07:06:00,3565.48,Gym Membership,TXN000342
2024-02-28 12:59:00,2719.41,Freelance Income,TXN000343
2024-02-28 17:18:00,1897.15,Fuel Station,TXN000344
2024-02-29 00:57:00,3659.30,Streaming Service,TXN000345
2024-02-29 08:15:00,4988.94,Fuel Station,TXN000346
2024-02-29 12:43:00,4101.52,Freelance Income,TXN000347
2024-02-29 13:14:00,3344.96,Insurance Premium,TXN000348
2024-02-29 16:06:00,924.48,Streaming Service,TXN000349
2024-02-29 22:02:00,491.03,Grocery Store,TXN000350
2024-03-01 00:51:00,4791.68,Bookstore,TXN000351
2024-03-01 03:00:00,1953.43,Salary Deposit,TXN000352
2024-03-01 04:38:00,3770.89,Rent Payment,TXN000353
2024-03-01 08:28:00,3399.08,Hardware Store,TXN000354
2024-03-01 13:43:00,2850.99,Streaming Service,TXN000355
2024-03-01 17:27:00,1024.42,Coffee Shop,TXN000356
2024-03-01 23:55:00,1211.71,Freelance Income,TXN000357
2024-03-02 07:05:00,2088.09,Grocery Store,TXN000358
2024-03-02 09:21:00,341.26,Rent Payment,TXN000359
2024-03-02 12:11:00,3391.95,Grocery Store,TXN000360
2024-03-02 13:31:00,2349.17,ATM Withdrawal,TXN000361
2024-03-02 17:32:00,4370.57,Hardware Store,TXN000362
2024-03-02 19:39:00,-44.38,ATM Withdrawal,TXN000363
2024-03-03 03:24:00,3412.12,Bookstore,TXN000364
2024-03-03 09:12:00,1406.20,Fuel Station,TXN000365
2024-03-03 12:56:00,4795.77,Coffee Shop,TXN000366
2024-03-03 17:52:00,3463.42,Electricity Bill,TXN000367
2024-03-03 19:22:00,3252.35,Coffee Shop,TXN000368
2024-03-03 23:58:00,4817.41,Online Shopping,TXN000369
2024-03-04 06:19:00,-28.92,Electricity Bill,TXN000370
2024-03-04 12:51:00,2321.15,Public Transport,TXN000371
2024-03-04 15:51:00,4906.19,Restaurant,TXN000372
2024-03-04 21:50:00,3166.55,Salary Deposit,TXN000373
2024-03-04 23:44:00,3834.93,Online Shopping,TXN000374
2024-03-05 03:18:00,4459.21,Freelance Income,TXN000375
2024-03-05 10:24:00,4312.56,Parking Fee,TXN000376
2024-03-05 10:54:00,3488.08,Public Transport,TXN000377
2024-03-05 18:01:00,4678.52,Fuel Station,TXN000378
2024-03-05 21:48:00,223.47,Grocery Store,TXN000379
2024-03-05 22:24:00,3888.68,Online Shopping,TXN000380
2024-03-05 23:07:00,2574.04,Bookstore,TXN000381
2024-03-06 02:42:00,-370.40,Parking Fee,TXN000382
2024-03-06 05:04:00,-15.72,ATM Withdrawal,TXN000383
2024-03-06 09:36:00,2955.76,Hardware Store,TXN000384
2024-03-06 13:28:00,1289.56,Coffee Shop,TXN000385
2024-03-06 17:26:00,866.37,Freelance Income,TXN000386
2024-03-07 00:08:00,2623.62,Public Transport,TXN000387
2024-03-07 07:08:00,1001.78,Electricity Bill,TXN000388
2024-03-07 08:31:00,3969.24,Fuel Station,TXN000389
2024-03-07 12:57:00,1792.48,Restaurant,TXN000390
2024-03-07 17:56:00,3665.22,Insurance Premium,TXN000391
2024-03-07 21:17:00,4787.47,Grocery Store,TXN000392
2024-03-08 04:35:00,327.09,Freelance Income,TXN000393
2024-03-08 08:03:00,3681.84,Hardware Store,TXN000394
2024-03-08 14:53:00,4667.71,Bookstore,TXN000395
2024-03-08 18:26:00,4124.77,Restaurant,TXN000396
2024-03-08 21:17:00,3569.82,Internet Bill,TXN000397
2024-03-09 04:40:00,2792.60,Coffee Shop,TXN000398
2024-03-09 10:50:00,3560.66,Online Shopping,TXN000399
2024-03-09 12:52:00,4469.82,Public Transport,TXN000400
2024-03-09 18:45:00,1163.80,Streaming Service,TXN000401
2024-03-09 21:55:00,2325.10,Coffee Shop,TXN000402
2024-03-10 01:18:00,3642.42,Parking Fee,TXN000403
2024-03-10 02:16:00,596.13,Pharmacy,TXN000404
2024-03-10 04:44:00,3503.87,Coffee Shop,TXN000405
2024-03-10 05:50:00,514.31,Coffee Shop,TXN000406
2024-03-10 11:51:00,1544.33,Gym Membership,TXN000407
2024-03-10 14:56:00,4821.07,Insurance Premium,TXN000408
2024-03-10 15:30:00,3489.31,Public Transport,TXN000409
2024-03-10 17:23:00,1347.17,Gym Membership,TXN000410
2024-03-10 17:52:00,-219.78,Hardware Store,TXN000411
2024-03-10 22:41:00,2768.87,Coffee Shop,TXN000412
2024-03-10 23:35:00,8.88,ATM Withdrawal,TXN000413
2024-03-11 00:54:00,4871.96,Electricity Bill,TXN000414
2024-03-11 03:06:00,3691.17,Gym Membership,TXN000415
2024-03-11 05:59:00,3854.38,Electricity Bill,TXN000416
2024-03-11 11:32:00,2465.61,Water Bill,TXN000417
2024-03-11 13:14:00,1169.97,Streaming Service,TXN000418
2024-03-11 17:58:00,3231.79,Salary Deposit,TXN000419
2024-03-11 20:27:00,2265.78,Salary Deposit,TXN000420
2024-03-12 01:15:00,2967.95,Freelance Income,TXN000421
2024-03-12 06:07:00,3943.28,Gym Membership,TXN000422
2024-03-12 06:30:00,1906.93,Rent Payment,TXN000423
2024-03-12 14:11:00,383.94,ATM Withdrawal,TXN000424
2024-03-12 17:24:00,3539.76,Public Transport,TXN000425
2024-03-13 00:08:00,880.57,Pharmacy,TXN000426
2024-03-13 07:42:00,3050.47,Streaming Service,TXN000427
2024-03-13 11:58:00,4460.17,Salary Deposit,TXN000428
2024-03-13 12:28:00,2942.13,Electricity Bill,TXN000429
2024-03-13 17:26:00,3118.81,Internet Bill,TXN000430
2024-03-13 19:42:00,3110.24,Electricity Bill,TXN000431
2024-03-14 03:32:00,-294.04,ATM Withdrawal,TXN000432
2024-03-14 10:31:00,2884.72,Rent Payment,TXN000433
2024-03-14 11:58:00,2588.27,Salary Deposit,TXN000434
2024-03-14 19:01:00,1527.27,Insurance Premium,TXN000435
2024-03-14 21:05:00,726.11,Streaming Service,TXN000436
2024-03-15 01:22:00,3050.88,Gym Membership,TXN000437
2024-03-15 03:23:00,4663.97,Pharmacy,TXN000438
2024-03-15 08:45:00,2510.29,Fuel Station,TXN000439
2024-03-15 10:43:00,812.44,Insurance Premium,TXN000440
2024-03-15 16:27:00,1385.29,Parking Fee,TXN000441
2024-03-15 20:41:00,34.83,Rent Payment,TXN000442
2024-03-15 23:13:00,907.96,Coffee Shop,TXN000443
2024-03-16 05:11:00,1470.87,Internet Bill,TXN000444
2024-03-16 11:18:00,2246.63,Gym Membership,TXN000445
2024-03-16 19:16:00,3337.71,Gym Membership,TXN000446
2024-03-16 22:11:00,2512.46,Freelance Income,TXN000447
2024-03-17 05:46:00,1756.14,Freelance Income,TXN000448
2024-03-17 11:37:00,2271.63,Internet Bill,TXN000449
2024-03-17 19:14:00,1645.61,Parking Fee,TXN000450
2024-03-17 21:50:00,1907.28,Gym Membership,TXN000451
2024-03-18 02:17:00,1802.74,ATM Withdrawal,TXN000452
2024-03-18 08:10:00,3896.26,Bookstore,TXN000453
2024-03-18 14:12:00,1460.95,Insurance Premium,TXN000454
2024-03-18 20:11:00,3733.36,Online Shopping,TXN000455
2024-03-19 01:51:00,4898.07,Grocery Store,TXN000456
2024-03-19 04:48:00,-298.20,Insurance Premium,TXN000457
2024-03-19 05:05:00,4330.62,Online Shopping,TXN000458
2024-03-19 10:57:00,686.19,Fuel Station,TXN000459
2024-03-19 17:49:00,1173.21,Parking Fee,TXN000460
2024-03-19 22:56:00,1114.56,Fuel Station,TXN000461
2024-03-20 06:23:00,691.11,Coffee Shop,TXN000462
2024-03-20 08:58:00,2400.39,Gym Membership,TXN000463
2024-03-20 14:45:00,1889.88,Salary Deposit,TXN000464
2024-03-20 18:32:00,3670.88,Coffee Shop,TXN000465
2024-03-20 21:49:00,348.00,Online Shopping,TXN000466
2024-03-21 04:59:00,1540.46,Coffee Shop,TXN000467
2024-03-21 08:17:00,3418.04,Water Bill,TXN000468
2024-03-21 13:36:00,586.31,Public Transport,TXN000469
2024-03-21 20:41:00,3613.47,Water Bill,TXN000470
2024-03-21 21:11:00,-307.36,Restaurant,TXN000471
2024-03-21 22:34:00,4223.50,Insurance Premium,TXN000472
2024-03-22 00:47:00,2171.31,Online Shopping,TXN000473
2024-03-22 03:36:00,4166.16,Freelance Income,TXN000474
2024-03-22 11:02:00,4416.78,Rent Payment,TXN000475
2024-03-22 16:09:00,2912.54,Fuel Station,TXN000476
2024-03-22 21:03:00,4780.66,Rent Payment,TXN000477
2024-03-22 23:39:00,3899.36,Online Shopping,TXN000478
2024-03-23 07:03:00,3644.82,Insurance Premium,TXN000479
2024-03-23 07:51:00,345.65,ATM Withdrawal,TXN000480
2024-03-23 13:22:00,787.04,Insurance Premium,TXN000481
2024-03-23 17:35:00,4472.25,Streaming Service,TXN000482
2024-03-24 01:04:00,4231.24,Freelance Income,TXN000483
2024-03-24 08:50:00,4028.41,Fuel Station,TXN000484
2024-03-24 14:36:00,4402.40,Freelance Income,TXN000485
2024-03-24 21:28:00,3073.63,Freelance Income,TXN000486
2024-03-25 03:36:00,2574.92,Restaurant,TXN000487
2024-03-25 09:10:00,3216.71,Hardware Store,TXN000488
2024-03-25 12:06:00,3631.13,Gym Membership,TXN000489
2024-03-25 19:46:00,1568.43,Salary Deposit,TXN000490
2024-03-25 21:28:00,401.47,ATM Withdrawal,TXN000491
2024-03-26 00:23:00,2552.04,Internet Bill,TXN000492
2024-03-26 01:40:00,2036.45,Public Transport,TXN000493
2024-03-26 06:32:00,932.42,Hardware Store,TXN000494
2024-03-26 08:30:00,4957.50,Online Shopping,TXN000495
2024-03-26 11:25:00,953.16,Pharmacy,TXN000496
2024-03-26 13:11:00,3369.84,Streaming Service,TXN000497
2024-03-26 17:50:00,3043.03,Electricity Bill,TXN000498
2024-03-26 19:43:00,32.36,Online Shopping,TXN000499
2024-03-27 02:00:00,931.14,Gym Membership,TXN000500
2024-03-27 06:14:00,4347.23,Electricity Bill,TXN000501
2024-03-27 08:22:00,1693.92,Public Transport,TXN000502
2024-03-27 14:35:00,2889.75,Restaurant,TXN000503
2024-03-27 20:30:00,4649.59,Salary Deposit,TXN000504
2024-03-27 22:14:00,-141.83,Insurance Premium,TXN000505
2024-03-28 03:12:00,2200.15,Grocery Store,TXN000506
2024-03-28 09:17:00,354.30,Bookstore,TXN000507
2024-03-28 11:54:00,1318.82,Freelance Income,TXN000508
2024-03-28 13:48:00,4161.73,Grocery Store,TXN000509
2024-03-28 15:02:00,813.95,Insurance Premium,TXN000510
2024-03-28 20:24:00,643.59,Online Shopping,TXN000511
2024-03-28 21:58:00,2967.90,Public Transport,TXN000512
2024-03-29 04:30:00,195.87,Public Transport,TXN000513
2024-03-29 08:12:00,4489.58,Salary Deposit,TXN000514
2024-03-29 12:02:00,1726.52,ATM Withdrawal,TXN000515
2024-03-29 14:29:00,1480.45,Restaurant,TXN000516
2024-03-29 20:47:00,901.81,Freelance Income,TXN000517
2024-03-30 00:50:00,4275.42,ATM Withdrawal,TXN000518
2024-03-30 01:12:00,3400.81,Bookstore,TXN000519
2024-03-30 04:41:00,3803.26,Gym Membership,TXN000520
2024-03-30 04:52:00,-230.72,Internet Bill,TXN000521
2024-03-30 09:33:00,3443.66,Fuel Station,TXN000522
2024-03-30 16:15:00,1078.21,Gym Membership,TXN000523
2024-03-30 19:40:00,4187.30,Grocery Store,TXN000524
2024-03-30 20:55:00,2657.97,Freelance Income,TXN000525
2024-03-31 00:33:00,358.65,Online Shopping,TXN000526
2024-03-31 06:08:00,1459.93,Parking Fee,TXN000527
2024-03-31 10:21:00,3942.23,Freelance Income,TXN000528
2024-03-31 14:26:00,2123.86,Insurance Premium,TXN000529
2024-03-31 20:41:00,796.06,Pharmacy,TXN000530
2024-03-31 22:15:00,3966.36,Grocery Store,TXN000531
2024-04-01 02:55:00,907.41,Gym Membership,TXN000532
2024-04-01 04:39:00,720.86,Gym Membership,TXN000533
2024-04-01 11:04:00,3136.50,Water Bill,TXN000534
2024-04-01 13:23:00,1259.09,Internet Bill,TXN000535
2024-04-01 20:55:00,394.21,Salary Deposit,TXN000536
2024-04-02 00:48:00,3819.97,Gym Membership,TXN000537
2024-04-02 02:51:00,4405.02,Internet Bill,TXN000538
2024-04-02 09:53:00,980.92,Internet Bill,TXN000539
2024-04-02 13:24:00,3577.54,Water Bill,TXN000540
2024-04-02 20:38:00,2480.99,Hardware Store,TXN000541
2024-04-02 22:17:00,2556.59,Gym Membership,TXN000542
2024-04-02 23:25:00,1139.89,Grocery Store,TXN000543
2024-04-03 01:17:00,4051.35,Water Bill,TXN000544
2024-04-03 07:07:00,3503.60,Electricity Bill,TXN000545
2024-04-03 08:53:00,1654.64,Water Bill,TXN000546
2024-04-03 14:29:00,1234.97,Gym Membership,TXN000547
2024-04-03 14:51:00,4758.39,Fuel Station,TXN000548
2024-04-03 21:48:00,4808.61,Internet Bill,TXN000549
2024-04-04 02:20:00,-244.69,Hardware Store,TXN000550
2024-04-04 04:37:00,3315.93,ATM Withdrawal,TXN000551
2024-04-04 12:03:00,3233.59,Public Transport,TXN000552
2024-04-04 18:45:00,3834.62,Electricity Bill,TXN000553
2024-04-04 21:08:00,1744.71,Restaurant,TXN000554
2024-04-05 03:55:00,2692.69,Bookstore,TXN000555
2024-04-05 05:44:00,3997.90,Salary Deposit,TXN000556
2024-04-05 06:02:00,3553.48,Insurance Premium,TXN000557
2024-04-05 11:37:00,-196.67,Grocery Store,TXN000558
2024-04-05 13:36:00,1571.11,Hardware Store,TXN000559
2024-04-05 17:00:00,-15.88,Electricity Bill,TXN000560
2024-04-06 00:58:00,2126.78,Electricity Bill,TXN000561
2024-04-06 04:22:00,1842.42,Freelance Income,TXN000562
2024-04-06 06:22:00,2213.43,Public Transport,TXN000563
2024-04-06 06:35:00,4398.00,Parking Fee,TXN000564
2024-04-06 10:22:00,2844.44,Pharmacy,TXN000565
2024-04-06 17:20:00,275.06,Rent Payment,TXN000566
2024-04-06 19:50:00,2777.79,Coffee Shop,TXN000567
2024-04-06 22:24:00,2769.00,Electricity Bill,TXN000568
2024-04-07 02:20:00,1081.09,Water Bill,TXN000569
2024-04-07 09:46:00,2754.71,Streaming Service,TXN000570
2024-04-07 10:27:00,2333.13,Public Transport,TXN000571
2024-04-07 11:51:00,3977.77,ATM Withdrawal,TXN000572
2024-04-07 17:31:00,3026.50,Parking Fee,TXN000573
2024-04-08 01:23:00,3528.41,Grocery Store,TXN000574
2024-04-08 02:05:00,3172.11,Online Shopping,TXN000575
2024-04-08 05:02:00,-142.76,Salary Deposit,TXN000576
2024-04-08 07:10:00,2586.00,Parking Fee,TXN000577
2024-04-08 13:47:00,27.14,Streaming Service,TXN000578
2024-04-08 19:58:00,1352.21,Insurance Premium,TXN000579
2024-04-08 22:04:00,1562.74,Streaming Service,TXN000580
2024-04-08 22:22:00,-452.73,Internet Bill,TXN000581
2024-04-09 02:38:00,1204.30,Salary Deposit,TXN000582
2024-04-09 09:15:00,4527.54,Grocery Store,TXN000583
2024-04-09 11:12:00,2670.36,Internet Bill,TXN000584
2024-04-09 18:19:00,1642.62,Public Transport,TXN000585
2024-04-10 00:12:00,756.92,Rent Payment,TXN000586
2024-04-10 02:42:00,2788.44,Gym Membership,TXN000587
2024-04-10 04:21:00,261.17,Parking Fee,TXN000588
2024-04-10 06:59:00,3749.69,Freelance Income,TXN000589
2024-04-10 12:54:00,-167.69,Salary Deposit,TXN000590
2024-04-10 14:50:00,341.83,Rent Payment,TXN000591
2024-04-10 19:34:00,3490.16,Coffee Shop,TXN000592
2024-04-10 20:27:00,714.93,Restaurant,TXN000593
2024-04-11 02:57:00,1276.65,Insurance Premium,TXN000594
2024-04-11 10:46:00,3474.42,Pharmacy,TXN000595
2024-04-11 11:33:00,174.59,ATM Withdrawal,TXN000596
2024-04-11 13:24:00,4098.24,Online Shopping,TXN000597
2024-04-11 18:33:00,1817.33,Coffee Shop,TXN000598
2024-04-12 01:48:00,4829.82,Streaming Service,TXN000599
2024-04-12 03:31:00,2471.06,Parking Fee,TXN000600
2024-04-12 06:15:00,4575.22,Water Bill,TXN000601
2024-04-12 07:31:00,4463.65,Coffee Shop,TXN000602
2024-04-12 10:24:00,1543.02,Coffee Shop,TXN000603
2024-04-12 18:17:00,1708.54,Parking Fee,TXN000604
2024-04-12 18:50:00,2853.17,Online Shopping,TXN000605
2024-04-12 19:27:00,3552.80,Insurance Premium,TXN000606
2024-04-12 19:52:00,-187.79,Online Shopping,TXN000607
2024-04-13 00:43:00,237.04,ATM Withdrawal,TXN000608
2024-04-13 08:18:00,3117.33,Gym Membership,TXN000609
2024-04-13 15:47:00,2992.50,Electricity Bill,TXN000610
2024-04-13 20:45:00,2433.04,Rent Payment,TXN000611
2024-04-14 00:55:00,283.61,Restaurant,TXN000612
2024-04-14 03:48:00,2906.30,Hardware Store,TXN000613
2024-04-14 05:49:00,479.22,Electricity Bill,TXN000614
2024-04-14 10:16:00,4687.50,Water Bill,TXN000615
2024-04-14 17:22:00,4177.73,Rent Payment,TXN000616
2024-04-15 00:28:00,501.90,Water Bill,TXN000617
2024-04-15 04:11:00,2657.44,Internet Bill,TXN000618
2024-04-15 09:45:00,568.33,Public Transport,TXN000619
2024-04-15 10:14:00,2159.26,Public Transport,TXN000620
2024-04-15 11:41:00,3166.89,ATM Withdrawal,TXN000621
2024-04-15 18:43:00,2178.88,Streaming Service,TXN000622
2024-04-16 01:52:00,231.54,Internet Bill,TXN000623
2024-04-16 02:15:00,2626.46,Water Bill,TXN000624
2024-04-16 04:14:00,2545.89,Coffee Shop,TXN000625
2024-04-16 11:43:00,292.56,Grocery Store,TXN000626
2024-04-16 15:03:00,1672.32,Hardware Store,TXN000627
2024-04-16 17:50:00,-456.37,Fuel Station,TXN000628
2024-04-16 23:03:00,2378.76,Rent Payment,TXN000629
2024-04-17 06:32:00,585.08,Freelance Income,TXN000630
2024-04-17 11:35:00,4994.18,Public Transport,TXN000631
2024-04-17 15:02:00,2679.32,Salary Deposit,TXN000632
2024-04-17 18:59:00,30.43,Salary Deposit,TXN000633
2024-04-17 20:22:00,1869.92,Freelance Income,TXN000634
2024-04-17 21:33:00,2735.65,Grocery Store,TXN000635
2024-04-17 23:34:00,4480.48,Electricity Bill,TXN000636
2024-04-18 03:44:00,4972.81,Salary Deposit,TXN000637
2024-04-18 06:32:00,4158.14,Gym Membership,TXN000638
2024-04-18 08:44:00,4656.40,Grocery Store,TXN000639
2024-04-18 13:18:00,1570.46,Insurance Premium,TXN000640
2024-04-18 17:15:00,868.79,Streaming Service,TXN000641
2024-04-18 23:05:00,4404.60,Electricity Bill,TXN000642
2024-04-18 23:18:00,2788.98,Internet Bill,TXN000643
2024-04-18 23:42:00,1622.48,Grocery Store,TXN000644
2024-04-19 02:03:00,415.83,Fuel Station,TXN000645
2024-04-19 06:54:00,2907.98,Bookstore,TXN000646
2024-04-19 09:06:00,614.82,Restaurant,TXN000647
2024-04-19 16:27:00,4065.47,Water Bill,TXN000648
2024-04-20 00:27:00,2984.11,Parking Fee,TXN000649
2024-04-20 03:55:00,246.91,Salary Deposit,TXN000650
2024-04-20 11:32:00,396.73,Hardware Store,TXN000651
2024-04-20 13:39:00,4118.37,Online Shopping,TXN000652
2024-04-20 16:04:00,-468.46,Hardware Store,TXN000653
2024-04-20 23:36:00,2527.21,ATM Withdrawal,TXN000654
2024-04-21 00:19:00,-147.77,Restaurant,TXN000655
2024-04-21 04:34:00,-169.61,Insurance Premium,TXN000656
2024-04-21 10:18:00,1131.34,Gym Membership,TXN000657
2024-04-21 11:37:00,2796.55,Coffee Shop,TXN000658
2024-04-21 13:07:00,4021.20,Insurance Premium,TXN000659
2024-04-21 17:17:00,2365.28,Insurance Premium,TXN000660
2024-04-21 19:23:00,271.47,Coffee Shop,TXN000661
2024-04-22 02:55:00,3157.87,Bookstore,TXN000662
2024-04-22 07:38:00,1852.84,Public Transport,TXN000663
2024-04-22 09:44:00,1743.76,Internet Bill,TXN000664
2024-04-22 14:24:00,2441.89,Restaurant,TXN000665
2024-04-22 16:13:00,4487.61,Parking Fee,TXN000666
2024-04-22 19:51:00,4757.00,Hardware Store,TXN000667
2024-04-23 01:20:00,3033.00,Freelance Income,TXN000668
2024-04-23 08:23:00,2492.61,Grocery Store,TXN000669
2024-04-23 09:18:00,1540.23,Hardware Store,TXN000670
2024-04-23 09:48:00,4714.68,Electricity Bill,TXN000671
2024-04-23 12:58:00,3816.12,Gym Membership,TXN000672
2024-04-23 14:02:00,3225.82,Freelance Income,TXN000673
2024-04-23 19:27:00,1130.73,Gym Membership,TXN000674
2024-04-23 23:46:00,297.11,Gym Membership,TXN000675
2024-04-24 07:02:00,3175.89,Electricity Bill,TXN000676
2024-04-24 08:51:00,4748.16,Grocery Store,TXN000677
2024-04-24 12:42:00,239.33,Grocery Store,TXN000678
2024-04-24 16:27:00,2960.20,Insurance Premium,TXN000679
2024-04-24 19:48:00,3941.67,Online Shopping,TXN000680
2024-04-24 21:57:00,4849.62,Pharmacy,TXN000681
2024-04-25 03:23:00,4737.52,Parking Fee,TXN000682
2024-04-25 05:29:00,4380.50,Insurance Premium,TXN000683
2024-04-25 09:23:00,2111.59,Parking Fee,TXN000684
2024-04-25 14:33:00,1751.58,Insurance Premium,TXN000685
2024-04-25 20:43:00,808.03,Online Shopping,TXN000686
2024-04-25 22:37:00,1002.21,Parking Fee,TXN000687
2024-04-26 01:32:00,3619.89,Online Shopping,TXN000688
2024-04-26 08:53:00,2907.97,Water Bill,TXN000689
2024-04-26 15:48:00,4083.45,Gym Membership,TXN000690
2024-04-26 17:38:00,1511.53,Coffee Shop,TXN000691
2024-04-26 22:41:00,1891.97,Streaming Service,TXN000692
2024-04-27 06:06:00,2910.04,Public Transport,TXN000693
2024-04-27 06:53:00,1289.67,Electricity Bill,TXN000694
2024-04-27 08:49:00,3468.82,Electricity Bill,TXN000695
2024-04-27 09:43:00,3242.09,ATM Withdrawal,TXN000696
2024-04-27 10:39:00,1828.28,Coffee Shop,TXN000697
2024-04-27 17:44:00,1899.25,Streaming Service,TXN000698
2024-04-27 21:34:00,1178.70,Electricity Bill,TXN000699
2024-04-28 00:31:00,4870.91,Restaurant,TXN000700
2024-04-28 02:18:00,2835.05,Electricity Bill,TXN000701
2024-04-28 03:18:00,299.72,Streaming Service,TXN000702
2024-04-28 04:05:00,3354.14,Grocery Store,TXN000703
2024-04-28 06:54:00,3119.32,Bookstore,TXN000704
2024-04-28 11:27:00,2574.14,Pharmacy,TXN000705
2024-04-28 15:28:00,1620.61,Freelance Income,TXN000706
2024-04-28 15:51:00,431.50,Online Shopping,TXN000707
2024-04-28 16:27:00,1612.36,Public Transport,TXN000708
2024-04-28 19:13:00,1445.35,Rent Payment,TXN000709
2024-04-28 23:33:00,934.80,Bookstore,TXN000710
2024-04-29 06:30:00,1680.71,Salary Deposit,TXN000711
2024-04-29 06:56:00,2830.81,Water Bill,TXN000712
2024-04-29 14:32:00,33.81,Coffee Shop,TXN000713
2024-04-29 21:09:00,-244.51,Pharmacy,TXN000714
2024-04-30 03:35:00,1069.32,Freelance Income,TXN000715
2024-04-30 11:19:00,2771.14,Bookstore,TXN000716
2024-04-30 14:26:00,4843.81,Streaming Service,TXN000717
2024-04-30 20:46:00,3078.08,Electricity Bill,TXN000718
2024-04-30 23:16:00,4157.31,Fuel Station,TXN000719
2024-05-01 02:57:00,3624.24,Bookstore,TXN000720
2024-05-01 04:30:00,4908.70,Public Transport,TXN000721
2024-05-01 06:51:00,773.88,Pharmacy,TXN000722
2024-05-01 07:51:00,2000.95,Internet Bill,TXN000723
2024-05-01 13:19:00,2041.14,Grocery Store,TXN000724
2024-05-01 14:32:00,2493.57,Fuel Station,TXN000725
2024-05-01 21:32:00,4759.45,Internet Bill,TXN000726
2024-05-02 02:58:00,-107.79,Coffee Shop,TXN000727
2024-05-02 03:35:00,1357.57,Parking Fee,TXN000728
2024-05-02 04:26:00,4862.23,Bookstore,TXN000729
2024-05-02 07:04:00,3557.78,Parking Fee,TXN000730
2024-05-02 09:34:00,427.55,Insurance Premium,TXN000731
2024-05-02 14:35:00,2764.33,Restaurant,TXN000732
2024-05-02 16:20:00,1375.79,Water Bill,TXN000733
2024-05-02 18:03:00,2911.03,Freelance Income,TXN000734
2024-05-02 21:34:00,4786.69,Electricity Bill,TXN000735
2024-05-03 01:45:00,2768.46,Bookstore,TXN000736
2024-05-03 07:45:00,4053.51,Insurance Premium,TXN000737
2024-05-03 08:09:00,2406.05,Gym Membership,TXN000738
2024-05-03 11:46:00,1364.87,Rent Payment,TXN000739
2024-05-03 18:38:00,3799.16,ATM Withdrawal,TXN000740
2024-05-04 01:14:00,559.61,Internet Bill,TXN000741
2024-05-04 02:12:00,1561.14,Internet Bill,TXN000742
2024-05-04 09:56:00,2899.19,Streaming Service,TXN000743
2024-05-04 13:42:00,3898.76,Electricity Bill,TXN000744
2024-05-04 14:20:00,1893.03,Freelance Income,TXN000745
2024-05-04 19:01:00,-285.36,Pharmacy,TXN000746
2024-05-04 19:32:00,4551.00,Pharmacy,TXN000747
2024-05-04 20:39:00,3105.19,Rent Payment,TXN000748
2024-05-04 22:50:00,-196.64,Fuel Station,TXN000749
2024-05-05 01:22:00,1716.41,Hardware Store,TXN000750
2024-05-05 03:52:00,4075.86,Gym Membership,TXN000751
2024-05-05 11:46:00,537.53,Public Transport,TXN000752
2024-05-05 11:57:00,3461.55,Public Transport,TXN000753
2024-05-05 12:19:00,691.60,Public Transport,TXN000754
2024-05-05 17:51:00,0.70,Gym Membership,TXN000755
2024-05-05 18:42:00,4809.71,Online Shopping,TXN000756
2024-05-06 01:17:00,-365.39,Streaming Service,TXN000757
2024-05-06 03:47:00,3380.62,Electricity Bill,TXN000758
2024-05-06 10:45:00,988.34,Parking Fee,TXN000759
2024-05-06 13:30:00,1733.83,Pharmacy,TXN000760
2024-05-06 19:15:00,2059.36,Parking Fee,TXN000761
2024-05-06 21:31:00,-200.73,Online Shopping,TXN000762
2024-05-07 02:26:00,998.52,Coffee Shop,TXN000763
2024-05-07 10:08:00,969.60,Bookstore,TXN000764
2024-05-07 17:51:00,1902.84,Bookstore,TXN000765
2024-05-08 00:55:00,596.36,Restaurant,TXN000766
2024-05-08 02:57:00,180.88,Electricity Bill,TXN000767
2024-05-08 06:38:00,2480.23,Public Transport,TXN000768
2024-05-08 10:28:00,4765.98,Public Transport,TXN000769
2024-05-08 17:33:00,4063.30,Bookstore,TXN000770
2024-05-09 01:27:00,1172.59,Bookstore,TXN000771
2024-05-09 05:20:00,2504.19,Internet Bill,TXN000772
2024-05-09 10:10:00,4564.56,Coffee Shop,TXN000773
2024-05-09 16:44:00,1201.41,Salary Deposit,TXN000774
2024-05-09 23:55:00,681.77,ATM Withdrawal,TXN000775
2024-05-10 00:39:00,-67.04,Gym Membership,TXN000776
2024-05-10 03:06:00,-254.43,Freelance Income,TXN000777
2024-05-10 09:55:00,4503.37,Bookstore,TXN000778
2024-05-10 14:38:00,426.29,Coffee Shop,TXN000779
2024-05-10 17:45:00,1606.65,ATM Withdrawal,TXN000780
2024-05-11 01:35:00,2009.86,Insurance Premium,TXN000781
2024-05-11 04:10:00,-478.30,Rent Payment,TXN000782
2024-05-11 08:40:00,-482.49,Online Shopping,TXN000783
2024-05-11 16:15:00,1054.12,Insurance Premium,TXN000784
2024-05-11 17:27:00,784.80,Streaming Service,TXN000785
2024-05-11 19:28:00,4002.92,Restaurant,TXN000786
2024-05-12 02:20:00,1295.36,Grocery Store,TXN000787
2024-05-12 08:20:00,2437.33,Gym Membership,TXN000788
2024-05-12 10:21:00,1511.89,Salary Deposit,TXN000789
2024-05-12 17:23:00,1489.60,Bookstore,TXN000790
2024-05-12 23:42:00,3914.76,Rent Payment,TXN000791
2024-05-13 04:08:00,150.84,Hardware Store,TXN000792
2024-05-13 11:54:00,4577.19,Freelance Income,TXN000793
2024-05-13 18:06:00,200.41,Coffee Shop,TXN000794
2024-05-13 22:39:00,1427.01,Rent Payment,TXN000795
2024-05-14 05:48:00,681.21,Insurance Premium,TXN000796
2024-05-14 07:18:00,4990.79,Public Transport,TXN000797
2024-05-14 09:15:00,1969.38,Water Bill,TXN000798
2024-05-14 16:21:00,3697.93,Public Transport,TXN000799
2024-05-14 20:15:00,4344.14,Restaurant,TXN000800
2024-05-15 03:38:00,4000.97,Pharmacy,TXN000801
2024-05-15 08:38:00,2534.71,Restaurant,TXN000802
2024-05-15 11:47:00,2159.18,Bookstore,TXN000803
2024-05-15 14:32:00,3574.60,Internet Bill,TXN000804
2024-05-15 17:09:00,4940.96,Fuel Station,TXN000805
2024-05-15 19:42:00,17.30,Insurance Premium,TXN000806
2024-05-15 23:31:00,320.40,Parking Fee,TXN000807
2024-05-16 02:19:00,-396.04,Water Bill,TXN000808
2024-05-16 09:10:00,3638.68,Pharmacy,TXN000809
2024-05-16 17:01:00,4688.77,Internet Bill,TXN000810
2024-05-16 23:42:00,2693.21,Bookstore,TXN000811
2024-05-17 00:15:00,2261.70,Streaming Service,TXN000812
2024-05-17 00:53:00,3587.47,Insurance Premium,TXN000813
2024-05-17 03:55:00,801.85,Streaming Service,TXN000814
2024-05-17 07:16:00,3922.34,Restaurant,TXN000815
2024-05-17 14:30:00,4155.66,Rent Payment,TXN000816
2024-05-17 17:43:00,4947.23,Bookstore,TXN000817
2024-05-17 21:26:00,4968.72,Public Transport,TXN000818
2024-05-18 04:10:00,1060.07,Internet Bill,TXN000819
2024-05-18 07:50:00,3371.80,Electricity Bill,TXN000820
2024-05-18 09:22:00,3815.40,Hardware Store,TXN000821
2024-05-18 16:58:00,3955.45,Gym Membership,TXN000822
2024-05-19 00:56:00,3926.21,Electricity Bill,TXN000823
2024-05-19 01:31:00,2964.29,Parking Fee,TXN000824
2024-05-19 06:47:00,1262.44,Pharmacy,TXN000825
2024-05-19 10:59:00,3088.92,Online Shopping,TXN000826
2024-05-19 13:56:00,-76.94,Electricity Bill,TXN000827
2024-05-19 17:23:00,2415.50,Online Shopping,TXN000828
2024-05-20 00:25:00,1381.38,Coffee Shop,TXN000829
2024-05-20 07:15:00,2910.21,Water Bill,TXN000830
2024-05-20 10:17:00,409.29,Fuel Station,TXN000831
2024-05-20 12:43:00,2724.81,Online Shopping,TXN000832
2024-05-20 15:48:00,4132.41,ATM Withdrawal,TXN000833
2024-05-20 19:10:00,3186.46,ATM Withdrawal,TXN000834
2024-05-20 20:26:00,2414.10,Parking Fee,TXN000835
2024-05-21 00:16:00,1084.90,Bookstore,TXN000836
2024-05-21 05:05:00,4595.65,Restaurant,TXN000837
2024-05-21 10:18:00,3843.66,Streaming Service,TXN000838
2024-05-21 16:16:00,1319.78,Bookstore,TXN000839
2024-05-21 17:23:00,204.23,Electricity Bill,TXN000840
2024-05-21 21:17:00,1024.89,Online Shopping,TXN000841
2024-05-21 23:50:00,646.57,Parking Fee,TXN000842
2024-05-22 00:21:00,3642.89,Salary Deposit,TXN000843
2024-05-22 04:48:00,2642.85,Streaming Service,TXN000844
2024-05-22 05:31:00,-85.91,Water Bill,TXN000845
2024-05-22 09:57:00,-242.89,Streaming Service,TXN000846
2024-05-22 10:36:00,3749.14,Electricity Bill,TXN000847
2024-05-22 17:03:00,477.45,Gym Membership,TXN000848
2024-05-22 21:59:00,3939.24,Streaming Service,TXN000849
2024-05-23 04:54:00,3300.93,Streaming Service,TXN000850
2024-05-23 06:49:00,2597.88,Rent Payment,TXN000851
2024-05-23 09:38:00,946.53,Freelance Income,TXN000852
2024-05-23 11:15:00,214.98,Water Bill,TXN000853
2024-05-23 15:09:00,-472.40,Bookstore,TXN000854
2024-05-23 22:41:00,1860.81,ATM Withdrawal,TXN000855
2024-05-24 06:18:00,3126.63,Hardware Store,TXN000856
2024-05-24 13:09:00,655.47,Streaming Service,TXN000857
2024-05-24 18:46:00,1003.76,Hardware Store,TXN000858
2024-05-24 22:51:00,4236.06,Grocery Store,TXN000859
2024-05-25 05:51:00,1417.74,Restaurant,TXN000860
2024-05-25 08:01:00,-336.32,ATM Withdrawal,TXN000861
2024-05-25 15:55:00,4258.30,Streaming Service,TXN000862
2024-05-25 23:45:00,-393.48,Streaming Service,TXN000863
2024-05-26 06:29:00,2201.30,Online Shopping,TXN000864
2024-05-26 12:37:00,4346.32,Public Transport,TXN000865
2024-05-26 13:55:00,4985.23,Insurance Premium,TXN000866
2024-05-26 20:40:00,3422.23,Gym Membership,TXN000867
2024-05-26 21:55:00,629.92,Grocery Store,TXN000868
2024-05-27 01:09:00,902.08,Hardware Store,TXN000869
2024-05-27 02:14:00,3152.00,Parking Fee,TXN000870
2024-05-27 02:47:00,4903.62,Restaurant,TXN000871
2024-05-27 05:18:00,3865.88,Rent Payment,TXN000872
2024-05-27 10:39:00,3656.05,Coffee Shop,TXN000873
2024-05-27 14:40:00,4475.43,Restaurant,TXN000874
2024-05-27 19:28:00,2381.64,Grocery Store,TXN000875
2024-05-27 21:30:00,763.97,Grocery Store,TXN000876
2024-05-27 23:38:00,2145.67,Parking Fee,TXN000877
2024-05-28 04:30:00,3829.48,Electricity Bill,TXN000878
2024-05-28 09:17:00,-227.00,Hardware Store,TXN000879
2024-05-28 11:10:00,1578.77,Insurance Premium,TXN000880
2024-05-28 13:38:00,2389.95,Fuel Station,TXN000881
2024-05-28 16:38:00,-309.91,Online Shopping,TXN000882
2024-05-28 22:32:00,2453.48,Electricity Bill,TXN000883
2024-05-29 03:08:00,2655.02,Internet Bill,TXN000884
2024-05-29 08:33:00,1581.83,Salary Deposit,TXN000885
2024-05-29 14:26:00,4387.86,ATM Withdrawal,TXN000886
2024-05-29 15:02:00,-474.27,Internet Bill,TXN000887
2024-05-29 16:34:00,14.48,Internet Bill,TXN000888
2024-05-29 20:34:00,3901.09,Parking Fee,TXN000889
2024-05-29 23:13:00,3766.99,ATM Withdrawal,TXN000890
2024-05-30 01:37:00,2590.89,Pharmacy,TXN000891
2024-05-30 02:18:00,4179.21,Gym Membership,TXN000892
2024-05-30 08:25:00,4382.29,Hardware Store,TXN000893
2024-05-30 14:49:00,18.58,Pharmacy,TXN000894
2024-05-30 17:01:00,2358.21,Hardware Store,TXN000895
2024-05-30 23:06:00,-407.63,Grocery Store,TXN000896
2024-05-31 00:45:00,2637.15,Public Transport,TXN000897
2024-05-31 04:58:00,2732.55,Restaurant,TXN000898
2024-05-31 07:06:00,3167.45,Rent Payment,TXN000899
2024-05-31 09:10:00,1025.04,Grocery Store,TXN000900
2024-05-31 15:50:00,4841.55,Gym Membership,TXN000901
2024-05-31 21:10:00,3029.05,Salary Deposit,TXN000902
2024-05-31 23:31:00,2919.71,Public Transport,TXN000903
2024-06-01 06:58:00,3224.54,Water Bill,TXN000904
2024-06-01 08:03:00,4335.58,ATM Withdrawal,TXN000905
2024-06-01 08:23:00,1178.33,Internet Bill,TXN000906
2024-06-01 10:59:00,3104.12,Bookstore,TXN000907
2024-06-01 17:34:00,68.50,Streaming Service,TXN000908
2024-06-02 01:25:00,55.72,Coffee Shop,TXN000909
2024-06-02 04:42:00,4821.67,Rent Payment,TXN000910
2024-06-02 11:03:00,2675.88,Hardware Store,TXN000911
2024-06-02 15:08:00,561.53,Insurance Premium,TXN000912
2024-06-02 20:20:00,366.97,Public Transport,TXN000913
2024-06-03 04:16:00,4307.28,Online Shopping,TXN000914
2024-06-03 04:40:00,4868.59,Bookstore,TXN000915
2024-06-03 06:39:00,2764.48,Insurance Premium,TXN000916
2024-06-03 08:07:00,4388.10,ATM Withdrawal,TXN000917
2024-06-03 10:47:00,100.77,Hardware Store,TXN000918
2024-06-03 12:25:00,4504.98,Internet Bill,TXN000919
2024-06-03 16:01:00,489.45,Coffee Shop,TXN000920
2024-06-03 20:38:00,2863.22,Bookstore,TXN000921
2024-06-04 00:34:00,2804.46,Online Shopping,TXN000922
2024-06-04 01:04:00,3482.48,Insurance Premium,TXN000923
2024-06-04 01:54:00,4956.61,Freelance Income,TXN000924
2024-06-04 02:24:00,4646.41,Rent Payment,TXN000925
2024-06-04 04:12:00,2308.12,Streaming Service,TXN000926
2024-06-04 09:38:00,1640.13,Online Shopping,TXN000927
2024-06-04 14:24:00,1561.25,Gym Membership,TXN000928
2024-06-04 20:38:00,2564.80,Streaming Service,TXN000929
2024-06-05 01:28:00,2216.92,Water Bill,TXN000930
2024-06-05 02:55:00,4631.50,Coffee Shop,TXN000931
2024-06-05 09:32:00,2015.59,Public Transport,TXN000932
2024-06-05 15:02:00,1522.99,Online Shopping,TXN000933
2024-06-05 21:49:00,346.85,Streaming Service,TXN000934
2024-06-06 00:04:00,3056.71,Pharmacy,TXN000935
2024-06-06 03:00:00,961.86,Insurance Premium,TXN000936
2024-06-06 09:15:00,-102.13,ATM Withdrawal,TXN000937
2024-06-06 16:40:00,3764.58,Grocery Store,TXN000938
2024-06-06 20:21:00,4008.47,Pharmacy,TXN000939
2024-06-06 21:21:00,1625.94,Salary Deposit,TXN000940
2024-06-06 23:31:00,3668.99,Streaming Service,TXN000941
2024-06-07 02:38:00,1788.66,Fuel Station,TXN000942
2024-06-07 07:16:00,2705.11,Electricity Bill,TXN000943
2024-06-07 12:09:00,1810.83,Hardware Store,TXN000944
2024-06-07 14:49:00,820.12,Coffee Shop,TXN000945
2024-06-07 18:25:00,1908.57,Rent Payment,TXN000946
2024-06-07 18:54:00,1802.05,Fuel Station,TXN000947
2024-06-08 02:51:00,1717.10,Coffee Shop,TXN000948
2024-06-08 04:03:00,1081.04,Hardware Store,TXN000949
2024-06-08 07:04:00,997.66,Public Transport,TXN000950
2024-06-08 09:18:00,1595.17,Fuel Station,TXN000951
2024-06-08 13:00:00,3887.55,Grocery Store,TXN000952
2024-06-08 13:24:00,3474.66,Restaurant,TXN000953
2024-06-08 15:51:00,4113.71,Internet Bill,TXN000954
2024-06-08 17:41:00,2044.57,Electricity Bill,TXN000955
2024-06-08 18:34:00,607.52,Fuel Station,TXN000956
2024-06-08 20:13:00,1133.67,Rent Payment,TXN000957
2024-06-09 00:37:00,3601.13,Grocery Store,TXN000958
2024-06-09 00:58:00,4621.89,Streaming Service,TXN000959
2024-06-09 01:52:00,3259.21,Coffee Shop,TXN000960
2024-06-09 05:02:00,-26.55,Public Transport,TXN000961
2024-06-09 12:26:00,-475.36,Streaming Service,TXN000962
2024-06-09 15:07:00,2488.07,Coffee Shop,TXN000963
2024-06-09 17:20:00,90.31,Bookstore,TXN000964
2024-06-10 00:39:00,3952.96,Water Bill,TXN000965
2024-06-10 04:02:00,4667.52,Gym Membership,TXN000966
2024-06-10 08:19:00,459.14,Fuel Station,TXN000967
2024-06-10 15:11:00,1277.53,Streaming Service,TXN000968
2024-06-10 21:40:00,736.14,Electricity Bill,TXN000969
2024-06-10 22:21:00,4746.17,Hardware Store,TXN000970
2024-06-11 05:02:00,-309.13,Grocery Store,TXN000971
2024-06-11 08:03:00,603.10,Public Transport,TXN000972
2024-06-11 13:43:00,2933.05,Public Transport,TXN000973
2024-06-11 19:58:00,399.70,Online Shopping,TXN000974
2024-06-12 00:53:00,1690.79,Restaurant,TXN000975
2024-06-12 04:57:00,3078.62,Salary Deposit,TXN000976
2024-06-12 05:59:00,1979.44,Salary Deposit,TXN000977
2024-06-12 12:39:00,1062.24,Pharmacy,TXN000978
2024-06-12 16:29:00,2423.56,Bookstore,TXN000979
2024-06-12 19:43:00,1209.72,Water Bill,TXN000980
2024-06-12 21:53:00,2944.45,Insurance Premium,TXN000981
2024-06-13 04:46:00,1405.24,Restaurant,TXN000982
2024-06-13 07:53:00,3227.73,ATM Withdrawal,TXN000983
2024-06-13 15:35:00,1659.08,Water Bill,TXN000984
2024-06-13 22:26:00,63.07,Restaurant,TXN000985
2024-06-14 02:25:00,4672.52,Parking Fee,TXN000986
2024-06-14 08:17:00,2373.74,Streaming Service,TXN000987
2024-06-14 09:59:00,3892.10,Grocery Store,TXN000988
2024-06-14 13:07:00,256.53,Pharmacy,TXN000989
2024-06-14 18:00:00,144.69,Pharmacy,TXN000990
2024-06-15 00:27:00,1425.19,Rent Payment,TXN000991
2024-06-15 05:01:00,744.68,Electricity Bill,TXN000992
2024-06-15 08:01:00,822.16,Rent Payment,TXN000993
2024-06-15 08:45:00,-107.70,Parking Fee,TXN000994
2024-06-15 15:42:00,2484.14,Pharmacy,TXN000995
2024-06-15 16:20:00,1975.53,Grocery Store,TXN000996
2024-06-15 16:56:00,4471.95,Streaming Service,TXN000997
2024-06-16 00:19:00,1342.60,Rent Payment,TXN000998
2024-06-16 07:26:00,1999.18,Bookstore,TXN000999
2024-06-16 10:16:00,583.51,Electricity Bill,TXN001000
2024-06-16 13:19:00,1390.10,Freelance Income,TXN001001
2024-06-16 13:44:00,-310.31,Online Shopping,TXN001002
2024-06-16 15:55:00,3194.32,Bookstore,TXN001003
2024-06-16 16:17:00,-123.92,Streaming Service,TXN001004
2024-06-16 19:08:00,2163.31,Hardware Store,TXN001005
2024-06-16 23:09:00,2085.77,ATM Withdrawal,TXN001006
2024-06-17 00:59:00,559.69,ATM Withdrawal,TXN001007
2024-06-17 04:25:00,4223.79,Restaurant,TXN001008
2024-06-17 10:45:00,2856.12,Freelance Income,TXN001009
2024-06-17 18:35:00,2326.51,Rent Payment,TXN001010
2024-06-17 22:40:00,4903.05,Freelance Income,TXN001011
2024-06-18 05:06:00,4900.64,Online Shopping,TXN001012
2024-06-18 06:03:00,4084.34,Streaming Service,TXN001013
2024-06-18 12:14:00,-318.04,Streaming Service,TXN001014
2024-06-18 14:34:00,3936.16,Restaurant,TXN001015
2024-06-18 18:46:00,17.39,ATM Withdrawal,TXN001016
2024-06-18 19:17:00,4902.47,Coffee Shop,TXN001017
2024-06-19 01:15:00,4714.82,Internet Bill,TXN001018
2024-06-19 04:31:00,-79.03,Hardware Store,TXN001019
2024-06-19 05:15:00,877.20,Coffee Shop,TXN001020
2024-06-19 10:40:00,-210.17,Grocery Store,TXN001021
2024-06-19 12:26:00,1920.70,Hardware Store,TXN001022
2024-06-19 19:39:00,1456.77,Online Shopping,TXN001023
2024-06-20 01:25:00,1762.55,Public Transport,TXN001024
2024-06-20 06:27:00,1648.03,Parking Fee,TXN001025
2024-06-20 11:48:00,3474.19,Freelance Income,TXN001026
2024-06-20 13:16:00,1574.88,Rent Payment,TXN001027
2024-06-20 20:03:00,3261.61,Online Shopping,TXN001028
2024-06-20 22:53:00,2062.06,Online Shopping,TXN001029
2024-06-21 02:56:00,730.33,Fuel Station,TXN001030
2024-06-21 08:13:00,1323.23,Bookstore,TXN001031
2024-06-21 13:52:00,2834.97,Gym Membership,TXN001032
2024-06-21 19:47:00,340.40,Gym Membership,TXN001033
2024-06-21 19:58:00,1922.51,Water Bill,TXN001034
2024-06-21 20:48:00,4779.64,Freelance Income,TXN001035
2024-06-21 23:57:00,3634.08,Coffee Shop,TXN001036
2024-06-22 00:30:00,-272.96,Online Shopping,TXN001037
2024-06-22 06:37:00,4810.49,Insurance Premium,TXN001038
2024-06-22 08:29:00,4291.90,Online Shopping,TXN001039
2024-06-22 11:32:00,-143.14,Internet Bill,TXN001040
2024-06-22 12:01:00,1469.81,Freelance Income,TXN001041
2024-06-22 18:17:00,3688.04,Bookstore,TXN001042
2024-06-22 19:45:00,1858.35,Restaurant,TXN001043
2024-06-22 20:42:00,624.49,Streaming Service,TXN001044
2024-06-22 23:15:00,1435.23,Rent Payment,TXN001045
2024-06-23 05:26:00,2562.01,Grocery Store,TXN001046
2024-06-23 13:26:00,3814.19,Salary Deposit,TXN001047
2024-06-23 19:33:00,3553.21,Rent Payment,TXN001048
2024-06-24 00:15:00,2136.77,Water Bill,TXN001049
2024-06-24 00:35:00,322.42,Restaurant,TXN001050